line	field	track	subtrack	group	staff	measure	qstart	tstart	qdur	tdur	pitch	chord	accent	marcato	sforzando	tenuto	staccato	trill	mordent	turn	sslur	eslur	ppitch	pqstart	ptstart	pqdur	ptdur	npitch	nqstart	ntstart	nqdur	ntdur	note
"18"	"6"	"6"	"0"	"0"	"2"	"1"	"0"	"0"	"0.25"	"6"	"65"	"0"	"0"	"0"	"0"	"1"	"0"	"0"	"0"	"0"	"0"	"0"	"-1"	"-1"	"-1"	"-1"	"-1"	"65"	"0.25"	"6"	"0.5"	"12"	"0"
"0"	"0"	"0"	"0"	"0"	"0"	"0"	"0"	"0"	"0"	"0"	"0"	"0"	"0"	"0"	"0"	"0"	"0"	"0"	"0"	"0"	"0"	"0"	"0"	"0"	"0"	"0"	"0"	"0"	"0"	"0"	"0"	"0"	"1"
"0"	"0"	"0"	"0"	"0"	"0"	"0"	"0"	"1"	"0"	"0"	"0"	"0"	"0"	"0"	"0"	"0"	"0"	"0"	"0"	"0"	"0"	"0"	"0"	"0"	"0"	"0"	"0"	"0"	"0"	"0"	"0"	"0"	"0"
"0"	"0"	"0"	"0"	"0"	"0"	"0"	"0"	"2"	"0"	"0"	"0"	"0"	"0"	"0"	"0"	"0"	"0"	"0"	"0"	"0"	"0"	"0"	"0"	"0"	"0"	"0"	"0"	"0"	"0"	"0"	"0"	"0"	"0"
"0"	"0"	"0"	"0"	"0"	"0"	"0"	"0"	"3"	"0"	"0"	"0"	"0"	"0"	"0"	"0"	"0"	"0"	"0"	"0"	"0"	"0"	"0"	"0"	"0"	"0"	"0"	"0"	"0"	"0"	"0"	"0"	"0"	"0"
"0"	"0"	"0"	"0"	"0"	"0"	"0"	"0"	"4"	"0"	"0"	"0"	"0"	"0"	"0"	"0"	"0"	"0"	"0"	"0"	"0"	"0"	"0"	"0"	"0"	"0"	"0"	"0"	"0"	"0"	"0"	"0"	"0"	"0"
"0"	"0"	"0"	"0"	"0"	"0"	"0"	"0"	"5"	"0"	"0"	"0"	"0"	"0"	"0"	"0"	"0"	"0"	"0"	"0"	"0"	"0"	"0"	"0"	"0"	"0"	"0"	"0"	"0"	"0"	"0"	"0"	"0"	"0"
"19"	"6"	"6"	"0"	"0"	"2"	"1"	"0.25"	"6"	"0.5"	"12"	"65"	"0"	"0"	"0"	"0"	"1"	"0"	"0"	"0"	"0"	"0"	"0"	"65"	"0"	"0"	"0.25"	"6"	"66"	"0.75"	"18"	"0.25"	"6"	"0"
"0"	"0"	"0"	"0"	"0"	"0"	"0"	"0"	"6"	"0"	"0"	"0"	"0"	"0"	"0"	"0"	"0"	"0"	"0"	"0"	"0"	"0"	"0"	"0"	"0"	"0"	"0"	"0"	"0"	"0"	"0"	"0"	"0"	"1"
"0"	"0"	"0"	"0"	"0"	"0"	"0"	"0"	"7"	"0"	"0"	"0"	"0"	"0"	"0"	"0"	"0"	"0"	"0"	"0"	"0"	"0"	"0"	"0"	"0"	"0"	"0"	"0"	"0"	"0"	"0"	"0"	"0"	"0"
"0"	"0"	"0"	"0"	"0"	"0"	"0"	"0"	"8"	"0"	"0"	"0"	"0"	"0"	"0"	"0"	"0"	"0"	"0"	"0"	"0"	"0"	"0"	"0"	"0"	"0"	"0"	"0"	"0"	"0"	"0"	"0"	"0"	"0"
"0"	"0"	"0"	"0"	"0"	"0"	"0"	"0"	"9"	"0"	"0"	"0"	"0"	"0"	"0"	"0"	"0"	"0"	"0"	"0"	"0"	"0"	"0"	"0"	"0"	"0"	"0"	"0"	"0"	"0"	"0"	"0"	"0"	"0"
"0"	"0"	"0"	"0"	"0"	"0"	"0"	"0"	"10"	"0"	"0"	"0"	"0"	"0"	"0"	"0"	"0"	"0"	"0"	"0"	"0"	"0"	"0"	"0"	"0"	"0"	"0"	"0"	"0"	"0"	"0"	"0"	"0"	"0"
"0"	"0"	"0"	"0"	"0"	"0"	"0"	"0"	"11"	"0"	"0"	"0"	"0"	"0"	"0"	"0"	"0"	"0"	"0"	"0"	"0"	"0"	"0"	"0"	"0"	"0"	"0"	"0"	"0"	"0"	"0"	"0"	"0"	"0"
"0"	"0"	"0"	"0"	"0"	"0"	"0"	"0"	"12"	"0"	"0"	"0"	"0"	"0"	"0"	"0"	"0"	"0"	"0"	"0"	"0"	"0"	"0"	"0"	"0"	"0"	"0"	"0"	"0"	"0"	"0"	"0"	"0"	"0"
"0"	"0"	"0"	"0"	"0"	"0"	"0"	"0"	"13"	"0"	"0"	"0"	"0"	"0"	"0"	"0"	"0"	"0"	"0"	"0"	"0"	"0"	"0"	"0"	"0"	"0"	"0"	"0"	"0"	"0"	"0"	"0"	"0"	"0"
"0"	"0"	"0"	"0"	"0"	"0"	"0"	"0"	"14"	"0"	"0"	"0"	"0"	"0"	"0"	"0"	"0"	"0"	"0"	"0"	"0"	"0"	"0"	"0"	"0"	"0"	"0"	"0"	"0"	"0"	"0"	"0"	"0"	"0"
"0"	"0"	"0"	"0"	"0"	"0"	"0"	"0"	"15"	"0"	"0"	"0"	"0"	"0"	"0"	"0"	"0"	"0"	"0"	"0"	"0"	"0"	"0"	"0"	"0"	"0"	"0"	"0"	"0"	"0"	"0"	"0"	"0"	"0"
"0"	"0"	"0"	"0"	"0"	"0"	"0"	"0"	"16"	"0"	"0"	"0"	"0"	"0"	"0"	"0"	"0"	"0"	"0"	"0"	"0"	"0"	"0"	"0"	"0"	"0"	"0"	"0"	"0"	"0"	"0"	"0"	"0"	"0"
"0"	"0"	"0"	"0"	"0"	"0"	"0"	"0"	"17"	"0"	"0"	"0"	"0"	"0"	"0"	"0"	"0"	"0"	"0"	"0"	"0"	"0"	"0"	"0"	"0"	"0"	"0"	"0"	"0"	"0"	"0"	"0"	"0"	"0"
"20"	"6"	"6"	"0"	"0"	"2"	"1"	"0.75"	"18"	"0.25"	"6"	"66"	"0"	"0"	"0"	"0"	"0"	"0"	"0"	"0"	"0"	"1"	"0"	"65"	"0.25"	"6"	"0.5"	"12"	"65"	"1"	"24"	"0.25"	"6"	"0"
"0"	"0"	"0"	"0"	"0"	"0"	"0"	"0"	"18"	"0"	"0"	"0"	"0"	"0"	"0"	"0"	"0"	"0"	"0"	"0"	"0"	"0"	"0"	"0"	"0"	"0"	"0"	"0"	"0"	"0"	"0"	"0"	"0"	"1"
"0"	"0"	"0"	"0"	"0"	"0"	"0"	"0"	"19"	"0"	"0"	"0"	"0"	"0"	"0"	"0"	"0"	"0"	"0"	"0"	"0"	"0"	"0"	"0"	"0"	"0"	"0"	"0"	"0"	"0"	"0"	"0"	"0"	"0"
"0"	"0"	"0"	"0"	"0"	"0"	"0"	"0"	"20"	"0"	"0"	"0"	"0"	"0"	"0"	"0"	"0"	"0"	"0"	"0"	"0"	"0"	"0"	"0"	"0"	"0"	"0"	"0"	"0"	"0"	"0"	"0"	"0"	"0"
"0"	"0"	"0"	"0"	"0"	"0"	"0"	"0"	"21"	"0"	"0"	"0"	"0"	"0"	"0"	"0"	"0"	"0"	"0"	"0"	"0"	"0"	"0"	"0"	"0"	"0"	"0"	"0"	"0"	"0"	"0"	"0"	"0"	"0"
"0"	"0"	"0"	"0"	"0"	"0"	"0"	"0"	"22"	"0"	"0"	"0"	"0"	"0"	"0"	"0"	"0"	"0"	"0"	"0"	"0"	"0"	"0"	"0"	"0"	"0"	"0"	"0"	"0"	"0"	"0"	"0"	"0"	"0"
"0"	"0"	"0"	"0"	"0"	"0"	"0"	"0"	"23"	"0"	"0"	"0"	"0"	"0"	"0"	"0"	"0"	"0"	"0"	"0"	"0"	"0"	"0"	"0"	"0"	"0"	"0"	"0"	"0"	"0"	"0"	"0"	"0"	"0"
"21"	"6"	"6"	"0"	"0"	"2"	"1"	"1"	"24"	"0.25"	"6"	"65"	"0"	"0"	"0"	"0"	"0"	"0"	"0"	"0"	"0"	"0"	"0"	"66"	"0.75"	"18"	"0.25"	"6"	"62"	"1.25"	"30"	"0.25"	"6"	"1"
"0"	"0"	"0"	"0"	"0"	"0"	"0"	"0"	"25"	"0"	"0"	"0"	"0"	"0"	"0"	"0"	"0"	"0"	"0"	"0"	"0"	"0"	"0"	"0"	"0"	"0"	"0"	"0"	"0"	"0"	"0"	"0"	"0"	"0"
"0"	"0"	"0"	"0"	"0"	"0"	"0"	"0"	"26"	"0"	"0"	"0"	"0"	"0"	"0"	"0"	"0"	"0"	"0"	"0"	"0"	"0"	"0"	"0"	"0"	"0"	"0"	"0"	"0"	"0"	"0"	"0"	"0"	"0"
"0"	"0"	"0"	"0"	"0"	"0"	"0"	"0"	"27"	"0"	"0"	"0"	"0"	"0"	"0"	"0"	"0"	"0"	"0"	"0"	"0"	"0"	"0"	"0"	"0"	"0"	"0"	"0"	"0"	"0"	"0"	"0"	"0"	"0"
"0"	"0"	"0"	"0"	"0"	"0"	"0"	"0"	"28"	"0"	"0"	"0"	"0"	"0"	"0"	"0"	"0"	"0"	"0"	"0"	"0"	"0"	"0"	"0"	"0"	"0"	"0"	"0"	"0"	"0"	"0"	"0"	"0"	"0"
"0"	"0"	"0"	"0"	"0"	"0"	"0"	"0"	"29"	"0"	"0"	"0"	"0"	"0"	"0"	"0"	"0"	"0"	"0"	"0"	"0"	"0"	"0"	"0"	"0"	"0"	"0"	"0"	"0"	"0"	"0"	"0"	"0"	"0"
"22"	"6"	"6"	"0"	"0"	"2"	"1"	"1.25"	"30"	"0.25"	"6"	"62"	"0"	"0"	"0"	"0"	"0"	"0"	"0"	"0"	"0"	"0"	"0"	"65"	"1"	"24"	"0.25"	"6"	"70"	"1.5"	"36"	"2"	"48"	"1"
"0"	"0"	"0"	"0"	"0"	"0"	"0"	"0"	"31"	"0"	"0"	"0"	"0"	"0"	"0"	"0"	"0"	"0"	"0"	"0"	"0"	"0"	"0"	"0"	"0"	"0"	"0"	"0"	"0"	"0"	"0"	"0"	"0"	"0"
"0"	"0"	"0"	"0"	"0"	"0"	"0"	"0"	"32"	"0"	"0"	"0"	"0"	"0"	"0"	"0"	"0"	"0"	"0"	"0"	"0"	"0"	"0"	"0"	"0"	"0"	"0"	"0"	"0"	"0"	"0"	"0"	"0"	"0"
"0"	"0"	"0"	"0"	"0"	"0"	"0"	"0"	"33"	"0"	"0"	"0"	"0"	"0"	"0"	"0"	"0"	"0"	"0"	"0"	"0"	"0"	"0"	"0"	"0"	"0"	"0"	"0"	"0"	"0"	"0"	"0"	"0"	"0"
"0"	"0"	"0"	"0"	"0"	"0"	"0"	"0"	"34"	"0"	"0"	"0"	"0"	"0"	"0"	"0"	"0"	"0"	"0"	"0"	"0"	"0"	"0"	"0"	"0"	"0"	"0"	"0"	"0"	"0"	"0"	"0"	"0"	"0"
"0"	"0"	"0"	"0"	"0"	"0"	"0"	"0"	"35"	"0"	"0"	"0"	"0"	"0"	"0"	"0"	"0"	"0"	"0"	"0"	"0"	"0"	"0"	"0"	"0"	"0"	"0"	"0"	"0"	"0"	"0"	"0"	"0"	"0"
"23"	"6"	"6"	"0"	"0"	"2"	"1"	"1.5"	"36"	"2"	"48"	"70"	"0"	"0"	"0"	"0"	"0"	"0"	"1"	"0"	"0"	"0"	"1"	"62"	"1.25"	"30"	"0.25"	"6"	"71"	"3.5"	"84"	"0.25"	"6"	"0"
"0"	"0"	"0"	"0"	"0"	"0"	"0"	"0"	"36"	"0"	"0"	"0"	"0"	"0"	"0"	"0"	"0"	"0"	"0"	"0"	"0"	"0"	"0"	"0"	"0"	"0"	"0"	"0"	"0"	"0"	"0"	"0"	"0"	"1"
"0"	"0"	"0"	"0"	"0"	"0"	"0"	"0"	"37"	"0"	"0"	"0"	"0"	"0"	"0"	"0"	"0"	"0"	"0"	"0"	"0"	"0"	"0"	"0"	"0"	"0"	"0"	"0"	"0"	"0"	"0"	"0"	"0"	"0"
"0"	"0"	"0"	"0"	"0"	"0"	"0"	"0"	"38"	"0"	"0"	"0"	"0"	"0"	"0"	"0"	"0"	"0"	"0"	"0"	"0"	"0"	"0"	"0"	"0"	"0"	"0"	"0"	"0"	"0"	"0"	"0"	"0"	"0"
"0"	"0"	"0"	"0"	"0"	"0"	"0"	"0"	"39"	"0"	"0"	"0"	"0"	"0"	"0"	"0"	"0"	"0"	"0"	"0"	"0"	"0"	"0"	"0"	"0"	"0"	"0"	"0"	"0"	"0"	"0"	"0"	"0"	"0"
"0"	"0"	"0"	"0"	"0"	"0"	"0"	"0"	"40"	"0"	"0"	"0"	"0"	"0"	"0"	"0"	"0"	"0"	"0"	"0"	"0"	"0"	"0"	"0"	"0"	"0"	"0"	"0"	"0"	"0"	"0"	"0"	"0"	"0"
"0"	"0"	"0"	"0"	"0"	"0"	"0"	"0"	"41"	"0"	"0"	"0"	"0"	"0"	"0"	"0"	"0"	"0"	"0"	"0"	"0"	"0"	"0"	"0"	"0"	"0"	"0"	"0"	"0"	"0"	"0"	"0"	"0"	"0"
"0"	"0"	"0"	"0"	"0"	"0"	"0"	"0"	"42"	"0"	"0"	"0"	"0"	"0"	"0"	"0"	"0"	"0"	"0"	"0"	"0"	"0"	"0"	"0"	"0"	"0"	"0"	"0"	"0"	"0"	"0"	"0"	"0"	"0"
"0"	"0"	"0"	"0"	"0"	"0"	"0"	"0"	"43"	"0"	"0"	"0"	"0"	"0"	"0"	"0"	"0"	"0"	"0"	"0"	"0"	"0"	"0"	"0"	"0"	"0"	"0"	"0"	"0"	"0"	"0"	"0"	"0"	"0"
"0"	"0"	"0"	"0"	"0"	"0"	"0"	"0"	"44"	"0"	"0"	"0"	"0"	"0"	"0"	"0"	"0"	"0"	"0"	"0"	"0"	"0"	"0"	"0"	"0"	"0"	"0"	"0"	"0"	"0"	"0"	"0"	"0"	"0"
"0"	"0"	"0"	"0"	"0"	"0"	"0"	"0"	"45"	"0"	"0"	"0"	"0"	"0"	"0"	"0"	"0"	"0"	"0"	"0"	"0"	"0"	"0"	"0"	"0"	"0"	"0"	"0"	"0"	"0"	"0"	"0"	"0"	"0"
"0"	"0"	"0"	"0"	"0"	"0"	"0"	"0"	"46"	"0"	"0"	"0"	"0"	"0"	"0"	"0"	"0"	"0"	"0"	"0"	"0"	"0"	"0"	"0"	"0"	"0"	"0"	"0"	"0"	"0"	"0"	"0"	"0"	"0"
"0"	"0"	"0"	"0"	"0"	"0"	"0"	"0"	"47"	"0"	"0"	"0"	"0"	"0"	"0"	"0"	"0"	"0"	"0"	"0"	"0"	"0"	"0"	"0"	"0"	"0"	"0"	"0"	"0"	"0"	"0"	"0"	"0"	"0"
"24"	"1"	"1"	"0"	"0"	"5"	"1"	"2"	"48"	"1"	"24"	"53"	"1"	"0"	"0"	"0"	"0"	"0"	"0"	"0"	"0"	"0"	"0"	"-1"	"-1"	"-1"	"-1"	"-1"	"53"	"3"	"72"	"1"	"24"	"1"
"24"	"1"	"1"	"0"	"0"	"5"	"1"	"2"	"48"	"1"	"24"	"55"	"1"	"0"	"0"	"0"	"0"	"0"	"0"	"0"	"0"	"0"	"0"	"-1"	"-1"	"-1"	"-1"	"-1"	"53"	"3"	"72"	"1"	"24"	"1"
"24"	"1"	"1"	"0"	"0"	"5"	"1"	"2"	"48"	"1"	"24"	"58"	"1"	"0"	"0"	"0"	"0"	"0"	"0"	"0"	"0"	"0"	"0"	"-1"	"-1"	"-1"	"-1"	"-1"	"53"	"3"	"72"	"1"	"24"	"1"
"24"	"1"	"1"	"0"	"0"	"5"	"1"	"2"	"48"	"1"	"24"	"60"	"1"	"0"	"0"	"0"	"0"	"0"	"0"	"0"	"0"	"0"	"0"	"-1"	"-1"	"-1"	"-1"	"-1"	"53"	"3"	"72"	"1"	"24"	"1"
"24"	"2"	"2"	"0"	"0"	"4"	"1"	"2"	"48"	"1"	"24"	"63"	"1"	"0"	"0"	"0"	"0"	"0"	"0"	"0"	"0"	"0"	"0"	"-1"	"-1"	"-1"	"-1"	"-1"	"63"	"3"	"72"	"1"	"24"	"1"
"24"	"2"	"2"	"0"	"0"	"4"	"1"	"2"	"48"	"1"	"24"	"71"	"1"	"0"	"0"	"0"	"0"	"0"	"0"	"0"	"0"	"0"	"0"	"-1"	"-1"	"-1"	"-1"	"-1"	"63"	"3"	"72"	"1"	"24"	"1"
"24"	"2"	"2"	"0"	"0"	"4"	"1"	"2"	"48"	"1"	"24"	"76"	"1"	"0"	"0"	"0"	"0"	"0"	"0"	"0"	"0"	"0"	"0"	"-1"	"-1"	"-1"	"-1"	"-1"	"63"	"3"	"72"	"1"	"24"	"1"
"0"	"0"	"0"	"0"	"0"	"0"	"0"	"0"	"49"	"0"	"0"	"0"	"0"	"0"	"0"	"0"	"0"	"0"	"0"	"0"	"0"	"0"	"0"	"0"	"0"	"0"	"0"	"0"	"0"	"0"	"0"	"0"	"0"	"0"
"0"	"0"	"0"	"0"	"0"	"0"	"0"	"0"	"50"	"0"	"0"	"0"	"0"	"0"	"0"	"0"	"0"	"0"	"0"	"0"	"0"	"0"	"0"	"0"	"0"	"0"	"0"	"0"	"0"	"0"	"0"	"0"	"0"	"0"
"0"	"0"	"0"	"0"	"0"	"0"	"0"	"0"	"51"	"0"	"0"	"0"	"0"	"0"	"0"	"0"	"0"	"0"	"0"	"0"	"0"	"0"	"0"	"0"	"0"	"0"	"0"	"0"	"0"	"0"	"0"	"0"	"0"	"0"
"0"	"0"	"0"	"0"	"0"	"0"	"0"	"0"	"52"	"0"	"0"	"0"	"0"	"0"	"0"	"0"	"0"	"0"	"0"	"0"	"0"	"0"	"0"	"0"	"0"	"0"	"0"	"0"	"0"	"0"	"0"	"0"	"0"	"0"
"0"	"0"	"0"	"0"	"0"	"0"	"0"	"0"	"53"	"0"	"0"	"0"	"0"	"0"	"0"	"0"	"0"	"0"	"0"	"0"	"0"	"0"	"0"	"0"	"0"	"0"	"0"	"0"	"0"	"0"	"0"	"0"	"0"	"0"
"0"	"0"	"0"	"0"	"0"	"0"	"0"	"0"	"54"	"0"	"0"	"0"	"0"	"0"	"0"	"0"	"0"	"0"	"0"	"0"	"0"	"0"	"0"	"0"	"0"	"0"	"0"	"0"	"0"	"0"	"0"	"0"	"0"	"0"
"0"	"0"	"0"	"0"	"0"	"0"	"0"	"0"	"55"	"0"	"0"	"0"	"0"	"0"	"0"	"0"	"0"	"0"	"0"	"0"	"0"	"0"	"0"	"0"	"0"	"0"	"0"	"0"	"0"	"0"	"0"	"0"	"0"	"0"
"0"	"0"	"0"	"0"	"0"	"0"	"0"	"0"	"56"	"0"	"0"	"0"	"0"	"0"	"0"	"0"	"0"	"0"	"0"	"0"	"0"	"0"	"0"	"0"	"0"	"0"	"0"	"0"	"0"	"0"	"0"	"0"	"0"	"0"
"0"	"0"	"0"	"0"	"0"	"0"	"0"	"0"	"57"	"0"	"0"	"0"	"0"	"0"	"0"	"0"	"0"	"0"	"0"	"0"	"0"	"0"	"0"	"0"	"0"	"0"	"0"	"0"	"0"	"0"	"0"	"0"	"0"	"0"
"0"	"0"	"0"	"0"	"0"	"0"	"0"	"0"	"58"	"0"	"0"	"0"	"0"	"0"	"0"	"0"	"0"	"0"	"0"	"0"	"0"	"0"	"0"	"0"	"0"	"0"	"0"	"0"	"0"	"0"	"0"	"0"	"0"	"0"
"0"	"0"	"0"	"0"	"0"	"0"	"0"	"0"	"59"	"0"	"0"	"0"	"0"	"0"	"0"	"0"	"0"	"0"	"0"	"0"	"0"	"0"	"0"	"0"	"0"	"0"	"0"	"0"	"0"	"0"	"0"	"0"	"0"	"0"
"0"	"0"	"0"	"0"	"0"	"0"	"0"	"0"	"60"	"0"	"0"	"0"	"0"	"0"	"0"	"0"	"0"	"0"	"0"	"0"	"0"	"0"	"0"	"0"	"0"	"0"	"0"	"0"	"0"	"0"	"0"	"0"	"0"	"0"
"0"	"0"	"0"	"0"	"0"	"0"	"0"	"0"	"61"	"0"	"0"	"0"	"0"	"0"	"0"	"0"	"0"	"0"	"0"	"0"	"0"	"0"	"0"	"0"	"0"	"0"	"0"	"0"	"0"	"0"	"0"	"0"	"0"	"0"
"0"	"0"	"0"	"0"	"0"	"0"	"0"	"0"	"62"	"0"	"0"	"0"	"0"	"0"	"0"	"0"	"0"	"0"	"0"	"0"	"0"	"0"	"0"	"0"	"0"	"0"	"0"	"0"	"0"	"0"	"0"	"0"	"0"	"0"
"0"	"0"	"0"	"0"	"0"	"0"	"0"	"0"	"63"	"0"	"0"	"0"	"0"	"0"	"0"	"0"	"0"	"0"	"0"	"0"	"0"	"0"	"0"	"0"	"0"	"0"	"0"	"0"	"0"	"0"	"0"	"0"	"0"	"0"
"0"	"0"	"0"	"0"	"0"	"0"	"0"	"0"	"64"	"0"	"0"	"0"	"0"	"0"	"0"	"0"	"0"	"0"	"0"	"0"	"0"	"0"	"0"	"0"	"0"	"0"	"0"	"0"	"0"	"0"	"0"	"0"	"0"	"0"
"0"	"0"	"0"	"0"	"0"	"0"	"0"	"0"	"65"	"0"	"0"	"0"	"0"	"0"	"0"	"0"	"0"	"0"	"0"	"0"	"0"	"0"	"0"	"0"	"0"	"0"	"0"	"0"	"0"	"0"	"0"	"0"	"0"	"0"
"0"	"0"	"0"	"0"	"0"	"0"	"0"	"0"	"66"	"0"	"0"	"0"	"0"	"0"	"0"	"0"	"0"	"0"	"0"	"0"	"0"	"0"	"0"	"0"	"0"	"0"	"0"	"0"	"0"	"0"	"0"	"0"	"0"	"0"
"0"	"0"	"0"	"0"	"0"	"0"	"0"	"0"	"67"	"0"	"0"	"0"	"0"	"0"	"0"	"0"	"0"	"0"	"0"	"0"	"0"	"0"	"0"	"0"	"0"	"0"	"0"	"0"	"0"	"0"	"0"	"0"	"0"	"0"
"0"	"0"	"0"	"0"	"0"	"0"	"0"	"0"	"68"	"0"	"0"	"0"	"0"	"0"	"0"	"0"	"0"	"0"	"0"	"0"	"0"	"0"	"0"	"0"	"0"	"0"	"0"	"0"	"0"	"0"	"0"	"0"	"0"	"0"
"0"	"0"	"0"	"0"	"0"	"0"	"0"	"0"	"69"	"0"	"0"	"0"	"0"	"0"	"0"	"0"	"0"	"0"	"0"	"0"	"0"	"0"	"0"	"0"	"0"	"0"	"0"	"0"	"0"	"0"	"0"	"0"	"0"	"0"
"0"	"0"	"0"	"0"	"0"	"0"	"0"	"0"	"70"	"0"	"0"	"0"	"0"	"0"	"0"	"0"	"0"	"0"	"0"	"0"	"0"	"0"	"0"	"0"	"0"	"0"	"0"	"0"	"0"	"0"	"0"	"0"	"0"	"0"
"0"	"0"	"0"	"0"	"0"	"0"	"0"	"0"	"71"	"0"	"0"	"0"	"0"	"0"	"0"	"0"	"0"	"0"	"0"	"0"	"0"	"0"	"0"	"0"	"0"	"0"	"0"	"0"	"0"	"0"	"0"	"0"	"0"	"0"
"26"	"1"	"1"	"0"	"0"	"5"	"2"	"3"	"72"	"1"	"24"	"53"	"1"	"0"	"0"	"0"	"0"	"0"	"0"	"0"	"0"	"0"	"0"	"53"	"2"	"48"	"1"	"24"	"53"	"4"	"96"	"1"	"24"	"1"
"26"	"1"	"1"	"0"	"0"	"5"	"2"	"3"	"72"	"1"	"24"	"55"	"1"	"0"	"0"	"0"	"0"	"0"	"0"	"0"	"0"	"0"	"0"	"53"	"2"	"48"	"1"	"24"	"53"	"4"	"96"	"1"	"24"	"1"
"26"	"1"	"1"	"0"	"0"	"5"	"2"	"3"	"72"	"1"	"24"	"58"	"1"	"0"	"0"	"0"	"0"	"0"	"0"	"0"	"0"	"0"	"0"	"53"	"2"	"48"	"1"	"24"	"53"	"4"	"96"	"1"	"24"	"1"
"26"	"1"	"1"	"0"	"0"	"5"	"2"	"3"	"72"	"1"	"24"	"60"	"1"	"0"	"0"	"0"	"0"	"0"	"0"	"0"	"0"	"0"	"0"	"53"	"2"	"48"	"1"	"24"	"53"	"4"	"96"	"1"	"24"	"1"
"26"	"2"	"2"	"0"	"0"	"4"	"2"	"3"	"72"	"1"	"24"	"63"	"1"	"0"	"0"	"0"	"0"	"0"	"0"	"0"	"0"	"0"	"0"	"63"	"2"	"48"	"1"	"24"	"63"	"4"	"96"	"1"	"24"	"1"
"26"	"2"	"2"	"0"	"0"	"4"	"2"	"3"	"72"	"1"	"24"	"69"	"1"	"0"	"0"	"0"	"0"	"0"	"0"	"0"	"0"	"0"	"0"	"63"	"2"	"48"	"1"	"24"	"63"	"4"	"96"	"1"	"24"	"1"
"26"	"2"	"2"	"0"	"0"	"4"	"2"	"3"	"72"	"1"	"24"	"74"	"1"	"0"	"0"	"0"	"0"	"0"	"0"	"0"	"0"	"0"	"0"	"63"	"2"	"48"	"1"	"24"	"63"	"4"	"96"	"1"	"24"	"1"
"0"	"0"	"0"	"0"	"0"	"0"	"0"	"0"	"73"	"0"	"0"	"0"	"0"	"0"	"0"	"0"	"0"	"0"	"0"	"0"	"0"	"0"	"0"	"0"	"0"	"0"	"0"	"0"	"0"	"0"	"0"	"0"	"0"	"0"
"0"	"0"	"0"	"0"	"0"	"0"	"0"	"0"	"74"	"0"	"0"	"0"	"0"	"0"	"0"	"0"	"0"	"0"	"0"	"0"	"0"	"0"	"0"	"0"	"0"	"0"	"0"	"0"	"0"	"0"	"0"	"0"	"0"	"0"
"0"	"0"	"0"	"0"	"0"	"0"	"0"	"0"	"75"	"0"	"0"	"0"	"0"	"0"	"0"	"0"	"0"	"0"	"0"	"0"	"0"	"0"	"0"	"0"	"0"	"0"	"0"	"0"	"0"	"0"	"0"	"0"	"0"	"0"
"0"	"0"	"0"	"0"	"0"	"0"	"0"	"0"	"76"	"0"	"0"	"0"	"0"	"0"	"0"	"0"	"0"	"0"	"0"	"0"	"0"	"0"	"0"	"0"	"0"	"0"	"0"	"0"	"0"	"0"	"0"	"0"	"0"	"0"
"0"	"0"	"0"	"0"	"0"	"0"	"0"	"0"	"77"	"0"	"0"	"0"	"0"	"0"	"0"	"0"	"0"	"0"	"0"	"0"	"0"	"0"	"0"	"0"	"0"	"0"	"0"	"0"	"0"	"0"	"0"	"0"	"0"	"0"
"0"	"0"	"0"	"0"	"0"	"0"	"0"	"0"	"78"	"0"	"0"	"0"	"0"	"0"	"0"	"0"	"0"	"0"	"0"	"0"	"0"	"0"	"0"	"0"	"0"	"0"	"0"	"0"	"0"	"0"	"0"	"0"	"0"	"0"
"0"	"0"	"0"	"0"	"0"	"0"	"0"	"0"	"79"	"0"	"0"	"0"	"0"	"0"	"0"	"0"	"0"	"0"	"0"	"0"	"0"	"0"	"0"	"0"	"0"	"0"	"0"	"0"	"0"	"0"	"0"	"0"	"0"	"0"
"0"	"0"	"0"	"0"	"0"	"0"	"0"	"0"	"80"	"0"	"0"	"0"	"0"	"0"	"0"	"0"	"0"	"0"	"0"	"0"	"0"	"0"	"0"	"0"	"0"	"0"	"0"	"0"	"0"	"0"	"0"	"0"	"0"	"0"
"0"	"0"	"0"	"0"	"0"	"0"	"0"	"0"	"81"	"0"	"0"	"0"	"0"	"0"	"0"	"0"	"0"	"0"	"0"	"0"	"0"	"0"	"0"	"0"	"0"	"0"	"0"	"0"	"0"	"0"	"0"	"0"	"0"	"0"
"0"	"0"	"0"	"0"	"0"	"0"	"0"	"0"	"82"	"0"	"0"	"0"	"0"	"0"	"0"	"0"	"0"	"0"	"0"	"0"	"0"	"0"	"0"	"0"	"0"	"0"	"0"	"0"	"0"	"0"	"0"	"0"	"0"	"0"
"0"	"0"	"0"	"0"	"0"	"0"	"0"	"0"	"83"	"0"	"0"	"0"	"0"	"0"	"0"	"0"	"0"	"0"	"0"	"0"	"0"	"0"	"0"	"0"	"0"	"0"	"0"	"0"	"0"	"0"	"0"	"0"	"0"	"0"
"27"	"6"	"6"	"0"	"0"	"2"	"2"	"3.5"	"84"	"0.25"	"6"	"71"	"0"	"0"	"0"	"0"	"0"	"1"	"0"	"0"	"0"	"0"	"0"	"70"	"1.5"	"36"	"2"	"48"	"65"	"3.75"	"90"	"0.25"	"6"	"0"
"0"	"0"	"0"	"0"	"0"	"0"	"0"	"0"	"84"	"0"	"0"	"0"	"0"	"0"	"0"	"0"	"0"	"0"	"0"	"0"	"0"	"0"	"0"	"0"	"0"	"0"	"0"	"0"	"0"	"0"	"0"	"0"	"0"	"1"
"0"	"0"	"0"	"0"	"0"	"0"	"0"	"0"	"85"	"0"	"0"	"0"	"0"	"0"	"0"	"0"	"0"	"0"	"0"	"0"	"0"	"0"	"0"	"0"	"0"	"0"	"0"	"0"	"0"	"0"	"0"	"0"	"0"	"0"
"0"	"0"	"0"	"0"	"0"	"0"	"0"	"0"	"86"	"0"	"0"	"0"	"0"	"0"	"0"	"0"	"0"	"0"	"0"	"0"	"0"	"0"	"0"	"0"	"0"	"0"	"0"	"0"	"0"	"0"	"0"	"0"	"0"	"0"
"0"	"0"	"0"	"0"	"0"	"0"	"0"	"0"	"87"	"0"	"0"	"0"	"0"	"0"	"0"	"0"	"0"	"0"	"0"	"0"	"0"	"0"	"0"	"0"	"0"	"0"	"0"	"0"	"0"	"0"	"0"	"0"	"0"	"0"
"0"	"0"	"0"	"0"	"0"	"0"	"0"	"0"	"88"	"0"	"0"	"0"	"0"	"0"	"0"	"0"	"0"	"0"	"0"	"0"	"0"	"0"	"0"	"0"	"0"	"0"	"0"	"0"	"0"	"0"	"0"	"0"	"0"	"0"
"0"	"0"	"0"	"0"	"0"	"0"	"0"	"0"	"89"	"0"	"0"	"0"	"0"	"0"	"0"	"0"	"0"	"0"	"0"	"0"	"0"	"0"	"0"	"0"	"0"	"0"	"0"	"0"	"0"	"0"	"0"	"0"	"0"	"0"
"28"	"6"	"6"	"0"	"0"	"2"	"2"	"3.75"	"90"	"0.25"	"6"	"65"	"0"	"0"	"0"	"0"	"0"	"1"	"0"	"0"	"0"	"0"	"0"	"71"	"3.5"	"84"	"0.25"	"6"	"71"	"4"	"96"	"0.25"	"6"	"0"
"0"	"0"	"0"	"0"	"0"	"0"	"0"	"0"	"90"	"0"	"0"	"0"	"0"	"0"	"0"	"0"	"0"	"0"	"0"	"0"	"0"	"0"	"0"	"0"	"0"	"0"	"0"	"0"	"0"	"0"	"0"	"0"	"0"	"1"
"0"	"0"	"0"	"0"	"0"	"0"	"0"	"0"	"91"	"0"	"0"	"0"	"0"	"0"	"0"	"0"	"0"	"0"	"0"	"0"	"0"	"0"	"0"	"0"	"0"	"0"	"0"	"0"	"0"	"0"	"0"	"0"	"0"	"0"
"0"	"0"	"0"	"0"	"0"	"0"	"0"	"0"	"92"	"0"	"0"	"0"	"0"	"0"	"0"	"0"	"0"	"0"	"0"	"0"	"0"	"0"	"0"	"0"	"0"	"0"	"0"	"0"	"0"	"0"	"0"	"0"	"0"	"0"
"0"	"0"	"0"	"0"	"0"	"0"	"0"	"0"	"93"	"0"	"0"	"0"	"0"	"0"	"0"	"0"	"0"	"0"	"0"	"0"	"0"	"0"	"0"	"0"	"0"	"0"	"0"	"0"	"0"	"0"	"0"	"0"	"0"	"0"
"0"	"0"	"0"	"0"	"0"	"0"	"0"	"0"	"94"	"0"	"0"	"0"	"0"	"0"	"0"	"0"	"0"	"0"	"0"	"0"	"0"	"0"	"0"	"0"	"0"	"0"	"0"	"0"	"0"	"0"	"0"	"0"	"0"	"0"
"0"	"0"	"0"	"0"	"0"	"0"	"0"	"0"	"95"	"0"	"0"	"0"	"0"	"0"	"0"	"0"	"0"	"0"	"0"	"0"	"0"	"0"	"0"	"0"	"0"	"0"	"0"	"0"	"0"	"0"	"0"	"0"	"0"	"0"
"29"	"1"	"1"	"0"	"0"	"5"	"2"	"4"	"96"	"1"	"24"	"53"	"1"	"0"	"0"	"0"	"0"	"0"	"0"	"0"	"0"	"0"	"0"	"53"	"3"	"72"	"1"	"24"	"53"	"5"	"120"	"0.5"	"12"	"1"
"29"	"1"	"1"	"0"	"0"	"5"	"2"	"4"	"96"	"1"	"24"	"56"	"1"	"0"	"0"	"0"	"0"	"0"	"0"	"0"	"0"	"0"	"0"	"53"	"3"	"72"	"1"	"24"	"53"	"5"	"120"	"0.5"	"12"	"1"
"29"	"1"	"1"	"0"	"0"	"5"	"2"	"4"	"96"	"1"	"24"	"58"	"1"	"0"	"0"	"0"	"0"	"0"	"0"	"0"	"0"	"0"	"0"	"53"	"3"	"72"	"1"	"24"	"53"	"5"	"120"	"0.5"	"12"	"1"
"29"	"1"	"1"	"0"	"0"	"5"	"2"	"4"	"96"	"1"	"24"	"61"	"1"	"0"	"0"	"0"	"0"	"0"	"0"	"0"	"0"	"0"	"0"	"53"	"3"	"72"	"1"	"24"	"53"	"5"	"120"	"0.5"	"12"	"1"
"29"	"2"	"2"	"0"	"0"	"4"	"2"	"4"	"96"	"1"	"24"	"63"	"1"	"0"	"0"	"0"	"0"	"0"	"0"	"0"	"0"	"0"	"0"	"63"	"3"	"72"	"1"	"24"	"63"	"5"	"120"	"0.5"	"12"	"1"
"29"	"2"	"2"	"0"	"0"	"4"	"2"	"4"	"96"	"1"	"24"	"69"	"1"	"0"	"0"	"0"	"0"	"0"	"0"	"0"	"0"	"0"	"0"	"63"	"3"	"72"	"1"	"24"	"63"	"5"	"120"	"0.5"	"12"	"1"
"29"	"2"	"2"	"0"	"0"	"4"	"2"	"4"	"96"	"1"	"24"	"74"	"1"	"0"	"0"	"0"	"0"	"0"	"0"	"0"	"0"	"0"	"0"	"63"	"3"	"72"	"1"	"24"	"63"	"5"	"120"	"0.5"	"12"	"1"
"29"	"6"	"6"	"0"	"0"	"2"	"2"	"4"	"96"	"0.25"	"6"	"71"	"0"	"0"	"0"	"0"	"0"	"1"	"0"	"0"	"0"	"0"	"0"	"65"	"3.75"	"90"	"0.25"	"6"	"65"	"4.25"	"102"	"0.25"	"6"	"0"
"0"	"0"	"0"	"0"	"0"	"0"	"0"	"0"	"96"	"0"	"0"	"0"	"0"	"0"	"0"	"0"	"0"	"0"	"0"	"0"	"0"	"0"	"0"	"0"	"0"	"0"	"0"	"0"	"0"	"0"	"0"	"0"	"0"	"1"
"0"	"0"	"0"	"0"	"0"	"0"	"0"	"0"	"97"	"0"	"0"	"0"	"0"	"0"	"0"	"0"	"0"	"0"	"0"	"0"	"0"	"0"	"0"	"0"	"0"	"0"	"0"	"0"	"0"	"0"	"0"	"0"	"0"	"0"
"0"	"0"	"0"	"0"	"0"	"0"	"0"	"0"	"98"	"0"	"0"	"0"	"0"	"0"	"0"	"0"	"0"	"0"	"0"	"0"	"0"	"0"	"0"	"0"	"0"	"0"	"0"	"0"	"0"	"0"	"0"	"0"	"0"	"0"
"0"	"0"	"0"	"0"	"0"	"0"	"0"	"0"	"99"	"0"	"0"	"0"	"0"	"0"	"0"	"0"	"0"	"0"	"0"	"0"	"0"	"0"	"0"	"0"	"0"	"0"	"0"	"0"	"0"	"0"	"0"	"0"	"0"	"0"
"0"	"0"	"0"	"0"	"0"	"0"	"0"	"0"	"100"	"0"	"0"	"0"	"0"	"0"	"0"	"0"	"0"	"0"	"0"	"0"	"0"	"0"	"0"	"0"	"0"	"0"	"0"	"0"	"0"	"0"	"0"	"0"	"0"	"0"
"0"	"0"	"0"	"0"	"0"	"0"	"0"	"0"	"101"	"0"	"0"	"0"	"0"	"0"	"0"	"0"	"0"	"0"	"0"	"0"	"0"	"0"	"0"	"0"	"0"	"0"	"0"	"0"	"0"	"0"	"0"	"0"	"0"	"0"
"30"	"6"	"6"	"0"	"0"	"2"	"2"	"4.25"	"102"	"0.25"	"6"	"65"	"0"	"0"	"0"	"0"	"0"	"1"	"0"	"0"	"0"	"0"	"0"	"71"	"4"	"96"	"0.25"	"6"	"66"	"4.5"	"108"	"0.166667"	"4"	"0"
"0"	"0"	"0"	"0"	"0"	"0"	"0"	"0"	"102"	"0"	"0"	"0"	"0"	"0"	"0"	"0"	"0"	"0"	"0"	"0"	"0"	"0"	"0"	"0"	"0"	"0"	"0"	"0"	"0"	"0"	"0"	"0"	"0"	"1"
"0"	"0"	"0"	"0"	"0"	"0"	"0"	"0"	"103"	"0"	"0"	"0"	"0"	"0"	"0"	"0"	"0"	"0"	"0"	"0"	"0"	"0"	"0"	"0"	"0"	"0"	"0"	"0"	"0"	"0"	"0"	"0"	"0"	"0"
"0"	"0"	"0"	"0"	"0"	"0"	"0"	"0"	"104"	"0"	"0"	"0"	"0"	"0"	"0"	"0"	"0"	"0"	"0"	"0"	"0"	"0"	"0"	"0"	"0"	"0"	"0"	"0"	"0"	"0"	"0"	"0"	"0"	"0"
"0"	"0"	"0"	"0"	"0"	"0"	"0"	"0"	"105"	"0"	"0"	"0"	"0"	"0"	"0"	"0"	"0"	"0"	"0"	"0"	"0"	"0"	"0"	"0"	"0"	"0"	"0"	"0"	"0"	"0"	"0"	"0"	"0"	"0"
"0"	"0"	"0"	"0"	"0"	"0"	"0"	"0"	"106"	"0"	"0"	"0"	"0"	"0"	"0"	"0"	"0"	"0"	"0"	"0"	"0"	"0"	"0"	"0"	"0"	"0"	"0"	"0"	"0"	"0"	"0"	"0"	"0"	"0"
"0"	"0"	"0"	"0"	"0"	"0"	"0"	"0"	"107"	"0"	"0"	"0"	"0"	"0"	"0"	"0"	"0"	"0"	"0"	"0"	"0"	"0"	"0"	"0"	"0"	"0"	"0"	"0"	"0"	"0"	"0"	"0"	"0"	"0"
"31"	"6"	"6"	"0"	"0"	"2"	"2"	"4.5"	"108"	"0.166667"	"4"	"66"	"0"	"0"	"0"	"0"	"0"	"0"	"0"	"0"	"0"	"1"	"0"	"65"	"4.25"	"102"	"0.25"	"6"	"65"	"4.66667"	"112"	"0.166667"	"4"	"0"
"0"	"0"	"0"	"0"	"0"	"0"	"0"	"0"	"108"	"0"	"0"	"0"	"0"	"0"	"0"	"0"	"0"	"0"	"0"	"0"	"0"	"0"	"0"	"0"	"0"	"0"	"0"	"0"	"0"	"0"	"0"	"0"	"0"	"1"
"0"	"0"	"0"	"0"	"0"	"0"	"0"	"0"	"109"	"0"	"0"	"0"	"0"	"0"	"0"	"0"	"0"	"0"	"0"	"0"	"0"	"0"	"0"	"0"	"0"	"0"	"0"	"0"	"0"	"0"	"0"	"0"	"0"	"0"
"0"	"0"	"0"	"0"	"0"	"0"	"0"	"0"	"110"	"0"	"0"	"0"	"0"	"0"	"0"	"0"	"0"	"0"	"0"	"0"	"0"	"0"	"0"	"0"	"0"	"0"	"0"	"0"	"0"	"0"	"0"	"0"	"0"	"0"
"0"	"0"	"0"	"0"	"0"	"0"	"0"	"0"	"111"	"0"	"0"	"0"	"0"	"0"	"0"	"0"	"0"	"0"	"0"	"0"	"0"	"0"	"0"	"0"	"0"	"0"	"0"	"0"	"0"	"0"	"0"	"0"	"0"	"0"
"32"	"6"	"6"	"0"	"0"	"2"	"2"	"4.66667"	"112"	"0.166667"	"4"	"65"	"0"	"0"	"0"	"0"	"0"	"0"	"0"	"0"	"0"	"0"	"0"	"66"	"4.5"	"108"	"0.166667"	"4"	"62"	"4.83333"	"116"	"0.166667"	"4"	"1"
"0"	"0"	"0"	"0"	"0"	"0"	"0"	"0"	"113"	"0"	"0"	"0"	"0"	"0"	"0"	"0"	"0"	"0"	"0"	"0"	"0"	"0"	"0"	"0"	"0"	"0"	"0"	"0"	"0"	"0"	"0"	"0"	"0"	"0"
"0"	"0"	"0"	"0"	"0"	"0"	"0"	"0"	"114"	"0"	"0"	"0"	"0"	"0"	"0"	"0"	"0"	"0"	"0"	"0"	"0"	"0"	"0"	"0"	"0"	"0"	"0"	"0"	"0"	"0"	"0"	"0"	"0"	"0"
"0"	"0"	"0"	"0"	"0"	"0"	"0"	"0"	"115"	"0"	"0"	"0"	"0"	"0"	"0"	"0"	"0"	"0"	"0"	"0"	"0"	"0"	"0"	"0"	"0"	"0"	"0"	"0"	"0"	"0"	"0"	"0"	"0"	"0"
"33"	"6"	"6"	"0"	"0"	"2"	"2"	"4.83333"	"116"	"0.166667"	"4"	"62"	"0"	"0"	"0"	"0"	"0"	"0"	"0"	"0"	"0"	"0"	"0"	"65"	"4.66667"	"112"	"0.166667"	"4"	"73"	"5"	"120"	"0.25"	"6"	"1"
"0"	"0"	"0"	"0"	"0"	"0"	"0"	"0"	"117"	"0"	"0"	"0"	"0"	"0"	"0"	"0"	"0"	"0"	"0"	"0"	"0"	"0"	"0"	"0"	"0"	"0"	"0"	"0"	"0"	"0"	"0"	"0"	"0"	"0"
"0"	"0"	"0"	"0"	"0"	"0"	"0"	"0"	"118"	"0"	"0"	"0"	"0"	"0"	"0"	"0"	"0"	"0"	"0"	"0"	"0"	"0"	"0"	"0"	"0"	"0"	"0"	"0"	"0"	"0"	"0"	"0"	"0"	"0"
"0"	"0"	"0"	"0"	"0"	"0"	"0"	"0"	"119"	"0"	"0"	"0"	"0"	"0"	"0"	"0"	"0"	"0"	"0"	"0"	"0"	"0"	"0"	"0"	"0"	"0"	"0"	"0"	"0"	"0"	"0"	"0"	"0"	"0"
"34"	"1"	"1"	"0"	"0"	"5"	"2"	"5"	"120"	"0.5"	"12"	"53"	"1"	"0"	"0"	"0"	"0"	"0"	"0"	"0"	"0"	"0"	"0"	"53"	"4"	"96"	"1"	"24"	"53"	"5.5"	"132"	"0.75"	"18"	"1"
"34"	"1"	"1"	"0"	"0"	"5"	"2"	"5"	"120"	"0.5"	"12"	"56"	"1"	"0"	"0"	"0"	"0"	"0"	"0"	"0"	"0"	"0"	"0"	"53"	"4"	"96"	"1"	"24"	"53"	"5.5"	"132"	"0.75"	"18"	"1"
"34"	"1"	"1"	"0"	"0"	"5"	"2"	"5"	"120"	"0.5"	"12"	"58"	"1"	"0"	"0"	"0"	"0"	"0"	"0"	"0"	"0"	"0"	"0"	"53"	"4"	"96"	"1"	"24"	"53"	"5.5"	"132"	"0.75"	"18"	"1"
"34"	"1"	"1"	"0"	"0"	"5"	"2"	"5"	"120"	"0.5"	"12"	"61"	"1"	"0"	"0"	"0"	"0"	"0"	"0"	"0"	"0"	"0"	"0"	"53"	"4"	"96"	"1"	"24"	"53"	"5.5"	"132"	"0.75"	"18"	"1"
"34"	"2"	"2"	"0"	"0"	"4"	"2"	"5"	"120"	"0.5"	"12"	"63"	"1"	"0"	"0"	"0"	"0"	"0"	"0"	"0"	"0"	"0"	"0"	"63"	"4"	"96"	"1"	"24"	"66"	"5.5"	"132"	"0.75"	"18"	"1"
"34"	"2"	"2"	"0"	"0"	"4"	"2"	"5"	"120"	"0.5"	"12"	"67"	"1"	"0"	"0"	"0"	"0"	"0"	"0"	"0"	"0"	"0"	"0"	"63"	"4"	"96"	"1"	"24"	"66"	"5.5"	"132"	"0.75"	"18"	"1"
"34"	"2"	"2"	"0"	"0"	"4"	"2"	"5"	"120"	"0.5"	"12"	"72"	"1"	"0"	"0"	"0"	"0"	"0"	"0"	"0"	"0"	"0"	"0"	"63"	"4"	"96"	"1"	"24"	"66"	"5.5"	"132"	"0.75"	"18"	"1"
"34"	"6"	"6"	"0"	"0"	"2"	"2"	"5"	"120"	"0.25"	"6"	"73"	"0"	"1"	"0"	"0"	"0"	"1"	"0"	"0"	"0"	"0"	"0"	"62"	"4.83333"	"116"	"0.166667"	"4"	"73"	"5.25"	"126"	"0.25"	"6"	"0"
"0"	"0"	"0"	"0"	"0"	"0"	"0"	"0"	"120"	"0"	"0"	"0"	"0"	"0"	"0"	"0"	"0"	"0"	"0"	"0"	"0"	"0"	"0"	"0"	"0"	"0"	"0"	"0"	"0"	"0"	"0"	"0"	"0"	"1"
"0"	"0"	"0"	"0"	"0"	"0"	"0"	"0"	"121"	"0"	"0"	"0"	"0"	"0"	"0"	"0"	"0"	"0"	"0"	"0"	"0"	"0"	"0"	"0"	"0"	"0"	"0"	"0"	"0"	"0"	"0"	"0"	"0"	"0"
"0"	"0"	"0"	"0"	"0"	"0"	"0"	"0"	"122"	"0"	"0"	"0"	"0"	"0"	"0"	"0"	"0"	"0"	"0"	"0"	"0"	"0"	"0"	"0"	"0"	"0"	"0"	"0"	"0"	"0"	"0"	"0"	"0"	"0"
"0"	"0"	"0"	"0"	"0"	"0"	"0"	"0"	"123"	"0"	"0"	"0"	"0"	"0"	"0"	"0"	"0"	"0"	"0"	"0"	"0"	"0"	"0"	"0"	"0"	"0"	"0"	"0"	"0"	"0"	"0"	"0"	"0"	"0"
"0"	"0"	"0"	"0"	"0"	"0"	"0"	"0"	"124"	"0"	"0"	"0"	"0"	"0"	"0"	"0"	"0"	"0"	"0"	"0"	"0"	"0"	"0"	"0"	"0"	"0"	"0"	"0"	"0"	"0"	"0"	"0"	"0"	"0"
"0"	"0"	"0"	"0"	"0"	"0"	"0"	"0"	"125"	"0"	"0"	"0"	"0"	"0"	"0"	"0"	"0"	"0"	"0"	"0"	"0"	"0"	"0"	"0"	"0"	"0"	"0"	"0"	"0"	"0"	"0"	"0"	"0"	"0"
"35"	"6"	"6"	"0"	"0"	"2"	"2"	"5.25"	"126"	"0.25"	"6"	"73"	"0"	"0"	"0"	"0"	"0"	"1"	"0"	"0"	"0"	"0"	"1"	"73"	"5"	"120"	"0.25"	"6"	"67"	"6.5"	"156"	"0.5"	"12"	"0"
"0"	"0"	"0"	"0"	"0"	"0"	"0"	"0"	"126"	"0"	"0"	"0"	"0"	"0"	"0"	"0"	"0"	"0"	"0"	"0"	"0"	"0"	"0"	"0"	"0"	"0"	"0"	"0"	"0"	"0"	"0"	"0"	"0"	"1"
"0"	"0"	"0"	"0"	"0"	"0"	"0"	"0"	"127"	"0"	"0"	"0"	"0"	"0"	"0"	"0"	"0"	"0"	"0"	"0"	"0"	"0"	"0"	"0"	"0"	"0"	"0"	"0"	"0"	"0"	"0"	"0"	"0"	"0"
"0"	"0"	"0"	"0"	"0"	"0"	"0"	"0"	"128"	"0"	"0"	"0"	"0"	"0"	"0"	"0"	"0"	"0"	"0"	"0"	"0"	"0"	"0"	"0"	"0"	"0"	"0"	"0"	"0"	"0"	"0"	"0"	"0"	"0"
"0"	"0"	"0"	"0"	"0"	"0"	"0"	"0"	"129"	"0"	"0"	"0"	"0"	"0"	"0"	"0"	"0"	"0"	"0"	"0"	"0"	"0"	"0"	"0"	"0"	"0"	"0"	"0"	"0"	"0"	"0"	"0"	"0"	"0"
"0"	"0"	"0"	"0"	"0"	"0"	"0"	"0"	"130"	"0"	"0"	"0"	"0"	"0"	"0"	"0"	"0"	"0"	"0"	"0"	"0"	"0"	"0"	"0"	"0"	"0"	"0"	"0"	"0"	"0"	"0"	"0"	"0"	"0"
"0"	"0"	"0"	"0"	"0"	"0"	"0"	"0"	"131"	"0"	"0"	"0"	"0"	"0"	"0"	"0"	"0"	"0"	"0"	"0"	"0"	"0"	"0"	"0"	"0"	"0"	"0"	"0"	"0"	"0"	"0"	"0"	"0"	"0"
"36"	"1"	"1"	"0"	"0"	"5"	"2"	"5.5"	"132"	"0.75"	"18"	"53"	"1"	"0"	"0"	"0"	"0"	"0"	"0"	"0"	"0"	"0"	"0"	"53"	"5"	"120"	"0.5"	"12"	"53"	"6.25"	"150"	"0.5"	"12"	"1"
"36"	"1"	"1"	"0"	"0"	"5"	"2"	"5.5"	"132"	"0.75"	"18"	"56"	"1"	"0"	"0"	"0"	"0"	"0"	"0"	"0"	"0"	"0"	"0"	"53"	"5"	"120"	"0.5"	"12"	"53"	"6.25"	"150"	"0.5"	"12"	"1"
"36"	"1"	"1"	"0"	"0"	"5"	"2"	"5.5"	"132"	"0.75"	"18"	"58"	"1"	"0"	"0"	"0"	"0"	"0"	"0"	"0"	"0"	"0"	"0"	"53"	"5"	"120"	"0.5"	"12"	"53"	"6.25"	"150"	"0.5"	"12"	"1"
"36"	"1"	"1"	"0"	"0"	"5"	"2"	"5.5"	"132"	"0.75"	"18"	"62"	"1"	"0"	"0"	"0"	"0"	"0"	"0"	"0"	"0"	"0"	"0"	"53"	"5"	"120"	"0.5"	"12"	"53"	"6.25"	"150"	"0.5"	"12"	"1"
"36"	"2"	"2"	"0"	"0"	"4"	"2"	"5.5"	"132"	"0.75"	"18"	"66"	"1"	"0"	"0"	"0"	"0"	"0"	"0"	"0"	"0"	"0"	"0"	"63"	"5"	"120"	"0.5"	"12"	"64"	"6.25"	"150"	"0.5"	"12"	"1"
"36"	"2"	"2"	"0"	"0"	"4"	"2"	"5.5"	"132"	"0.75"	"18"	"71"	"1"	"0"	"0"	"0"	"0"	"0"	"0"	"0"	"0"	"0"	"0"	"63"	"5"	"120"	"0.5"	"12"	"64"	"6.25"	"150"	"0.5"	"12"	"1"
"36"	"2"	"2"	"0"	"0"	"4"	"2"	"5.5"	"132"	"0.75"	"18"	"72"	"1"	"0"	"0"	"0"	"0"	"0"	"0"	"0"	"0"	"0"	"0"	"63"	"5"	"120"	"0.5"	"12"	"64"	"6.25"	"150"	"0.5"	"12"	"1"
"36"	"4"	"4"	"0"	"0"	"3"	"2"	"5.5"	"132"	"2"	"48"	"60"	"1"	"0"	"0"	"0"	"0"	"0"	"0"	"0"	"0"	"0"	"0"	"-1"	"-1"	"-1"	"-1"	"-1"	"64"	"7.5"	"180"	"1.5"	"36"	"1"
"36"	"4"	"4"	"0"	"0"	"3"	"2"	"5.5"	"132"	"2"	"48"	"65"	"1"	"0"	"0"	"0"	"0"	"0"	"0"	"0"	"0"	"0"	"0"	"-1"	"-1"	"-1"	"-1"	"-1"	"64"	"7.5"	"180"	"1.5"	"36"	"1"
"0"	"0"	"0"	"0"	"0"	"0"	"0"	"0"	"133"	"0"	"0"	"0"	"0"	"0"	"0"	"0"	"0"	"0"	"0"	"0"	"0"	"0"	"0"	"0"	"0"	"0"	"0"	"0"	"0"	"0"	"0"	"0"	"0"	"0"
"0"	"0"	"0"	"0"	"0"	"0"	"0"	"0"	"134"	"0"	"0"	"0"	"0"	"0"	"0"	"0"	"0"	"0"	"0"	"0"	"0"	"0"	"0"	"0"	"0"	"0"	"0"	"0"	"0"	"0"	"0"	"0"	"0"	"0"
"0"	"0"	"0"	"0"	"0"	"0"	"0"	"0"	"135"	"0"	"0"	"0"	"0"	"0"	"0"	"0"	"0"	"0"	"0"	"0"	"0"	"0"	"0"	"0"	"0"	"0"	"0"	"0"	"0"	"0"	"0"	"0"	"0"	"0"
"0"	"0"	"0"	"0"	"0"	"0"	"0"	"0"	"136"	"0"	"0"	"0"	"0"	"0"	"0"	"0"	"0"	"0"	"0"	"0"	"0"	"0"	"0"	"0"	"0"	"0"	"0"	"0"	"0"	"0"	"0"	"0"	"0"	"0"
"0"	"0"	"0"	"0"	"0"	"0"	"0"	"0"	"137"	"0"	"0"	"0"	"0"	"0"	"0"	"0"	"0"	"0"	"0"	"0"	"0"	"0"	"0"	"0"	"0"	"0"	"0"	"0"	"0"	"0"	"0"	"0"	"0"	"0"
"0"	"0"	"0"	"0"	"0"	"0"	"0"	"0"	"138"	"0"	"0"	"0"	"0"	"0"	"0"	"0"	"0"	"0"	"0"	"0"	"0"	"0"	"0"	"0"	"0"	"0"	"0"	"0"	"0"	"0"	"0"	"0"	"0"	"0"
"0"	"0"	"0"	"0"	"0"	"0"	"0"	"0"	"139"	"0"	"0"	"0"	"0"	"0"	"0"	"0"	"0"	"0"	"0"	"0"	"0"	"0"	"0"	"0"	"0"	"0"	"0"	"0"	"0"	"0"	"0"	"0"	"0"	"0"
"0"	"0"	"0"	"0"	"0"	"0"	"0"	"0"	"140"	"0"	"0"	"0"	"0"	"0"	"0"	"0"	"0"	"0"	"0"	"0"	"0"	"0"	"0"	"0"	"0"	"0"	"0"	"0"	"0"	"0"	"0"	"0"	"0"	"0"
"0"	"0"	"0"	"0"	"0"	"0"	"0"	"0"	"141"	"0"	"0"	"0"	"0"	"0"	"0"	"0"	"0"	"0"	"0"	"0"	"0"	"0"	"0"	"0"	"0"	"0"	"0"	"0"	"0"	"0"	"0"	"0"	"0"	"0"
"0"	"0"	"0"	"0"	"0"	"0"	"0"	"0"	"142"	"0"	"0"	"0"	"0"	"0"	"0"	"0"	"0"	"0"	"0"	"0"	"0"	"0"	"0"	"0"	"0"	"0"	"0"	"0"	"0"	"0"	"0"	"0"	"0"	"0"
"0"	"0"	"0"	"0"	"0"	"0"	"0"	"0"	"143"	"0"	"0"	"0"	"0"	"0"	"0"	"0"	"0"	"0"	"0"	"0"	"0"	"0"	"0"	"0"	"0"	"0"	"0"	"0"	"0"	"0"	"0"	"0"	"0"	"0"
"0"	"0"	"0"	"0"	"0"	"0"	"0"	"0"	"144"	"0"	"0"	"0"	"0"	"0"	"0"	"0"	"0"	"0"	"0"	"0"	"0"	"0"	"0"	"0"	"0"	"0"	"0"	"0"	"0"	"0"	"0"	"0"	"0"	"0"
"0"	"0"	"0"	"0"	"0"	"0"	"0"	"0"	"145"	"0"	"0"	"0"	"0"	"0"	"0"	"0"	"0"	"0"	"0"	"0"	"0"	"0"	"0"	"0"	"0"	"0"	"0"	"0"	"0"	"0"	"0"	"0"	"0"	"0"
"0"	"0"	"0"	"0"	"0"	"0"	"0"	"0"	"146"	"0"	"0"	"0"	"0"	"0"	"0"	"0"	"0"	"0"	"0"	"0"	"0"	"0"	"0"	"0"	"0"	"0"	"0"	"0"	"0"	"0"	"0"	"0"	"0"	"0"
"0"	"0"	"0"	"0"	"0"	"0"	"0"	"0"	"147"	"0"	"0"	"0"	"0"	"0"	"0"	"0"	"0"	"0"	"0"	"0"	"0"	"0"	"0"	"0"	"0"	"0"	"0"	"0"	"0"	"0"	"0"	"0"	"0"	"0"
"0"	"0"	"0"	"0"	"0"	"0"	"0"	"0"	"148"	"0"	"0"	"0"	"0"	"0"	"0"	"0"	"0"	"0"	"0"	"0"	"0"	"0"	"0"	"0"	"0"	"0"	"0"	"0"	"0"	"0"	"0"	"0"	"0"	"0"
"0"	"0"	"0"	"0"	"0"	"0"	"0"	"0"	"149"	"0"	"0"	"0"	"0"	"0"	"0"	"0"	"0"	"0"	"0"	"0"	"0"	"0"	"0"	"0"	"0"	"0"	"0"	"0"	"0"	"0"	"0"	"0"	"0"	"0"
"39"	"1"	"1"	"0"	"0"	"5"	"3"	"6.25"	"150"	"0.5"	"12"	"53"	"1"	"0"	"0"	"0"	"0"	"0"	"0"	"0"	"0"	"0"	"0"	"53"	"5.5"	"132"	"0.75"	"18"	"53"	"6.75"	"162"	"0.5"	"12"	"1"
"39"	"1"	"1"	"0"	"0"	"5"	"3"	"6.25"	"150"	"0.5"	"12"	"56"	"1"	"0"	"0"	"0"	"0"	"0"	"0"	"0"	"0"	"0"	"0"	"53"	"5.5"	"132"	"0.75"	"18"	"53"	"6.75"	"162"	"0.5"	"12"	"1"
"39"	"1"	"1"	"0"	"0"	"5"	"3"	"6.25"	"150"	"0.5"	"12"	"58"	"1"	"0"	"0"	"0"	"0"	"0"	"0"	"0"	"0"	"0"	"0"	"53"	"5.5"	"132"	"0.75"	"18"	"53"	"6.75"	"162"	"0.5"	"12"	"1"
"39"	"1"	"1"	"0"	"0"	"5"	"3"	"6.25"	"150"	"0.5"	"12"	"62"	"1"	"0"	"0"	"0"	"0"	"0"	"0"	"0"	"0"	"0"	"0"	"53"	"5.5"	"132"	"0.75"	"18"	"53"	"6.75"	"162"	"0.5"	"12"	"1"
"39"	"2"	"2"	"0"	"0"	"4"	"3"	"6.25"	"150"	"0.5"	"12"	"64"	"1"	"0"	"0"	"0"	"0"	"0"	"0"	"0"	"0"	"0"	"0"	"66"	"5.5"	"132"	"0.75"	"18"	"67"	"6.75"	"162"	"0.5"	"12"	"1"
"39"	"2"	"2"	"0"	"0"	"4"	"3"	"6.25"	"150"	"0.5"	"12"	"69"	"1"	"0"	"0"	"0"	"0"	"0"	"0"	"0"	"0"	"0"	"0"	"66"	"5.5"	"132"	"0.75"	"18"	"67"	"6.75"	"162"	"0.5"	"12"	"1"
"39"	"2"	"2"	"0"	"0"	"4"	"3"	"6.25"	"150"	"0.5"	"12"	"72"	"1"	"0"	"0"	"0"	"0"	"0"	"0"	"0"	"0"	"0"	"0"	"66"	"5.5"	"132"	"0.75"	"18"	"67"	"6.75"	"162"	"0.5"	"12"	"1"
"0"	"0"	"0"	"0"	"0"	"0"	"0"	"0"	"151"	"0"	"0"	"0"	"0"	"0"	"0"	"0"	"0"	"0"	"0"	"0"	"0"	"0"	"0"	"0"	"0"	"0"	"0"	"0"	"0"	"0"	"0"	"0"	"0"	"0"
"0"	"0"	"0"	"0"	"0"	"0"	"0"	"0"	"152"	"0"	"0"	"0"	"0"	"0"	"0"	"0"	"0"	"0"	"0"	"0"	"0"	"0"	"0"	"0"	"0"	"0"	"0"	"0"	"0"	"0"	"0"	"0"	"0"	"0"
"0"	"0"	"0"	"0"	"0"	"0"	"0"	"0"	"153"	"0"	"0"	"0"	"0"	"0"	"0"	"0"	"0"	"0"	"0"	"0"	"0"	"0"	"0"	"0"	"0"	"0"	"0"	"0"	"0"	"0"	"0"	"0"	"0"	"0"
"0"	"0"	"0"	"0"	"0"	"0"	"0"	"0"	"154"	"0"	"0"	"0"	"0"	"0"	"0"	"0"	"0"	"0"	"0"	"0"	"0"	"0"	"0"	"0"	"0"	"0"	"0"	"0"	"0"	"0"	"0"	"0"	"0"	"0"
"0"	"0"	"0"	"0"	"0"	"0"	"0"	"0"	"155"	"0"	"0"	"0"	"0"	"0"	"0"	"0"	"0"	"0"	"0"	"0"	"0"	"0"	"0"	"0"	"0"	"0"	"0"	"0"	"0"	"0"	"0"	"0"	"0"	"0"
"40"	"6"	"6"	"0"	"0"	"2"	"3"	"6.5"	"156"	"0.5"	"12"	"67"	"0"	"0"	"0"	"0"	"0"	"0"	"0"	"0"	"0"	"1"	"0"	"73"	"5.25"	"126"	"0.25"	"6"	"73"	"7"	"168"	"0.5"	"12"	"0"
"0"	"0"	"0"	"0"	"0"	"0"	"0"	"0"	"156"	"0"	"0"	"0"	"0"	"0"	"0"	"0"	"0"	"0"	"0"	"0"	"0"	"0"	"0"	"0"	"0"	"0"	"0"	"0"	"0"	"0"	"0"	"0"	"0"	"1"
"0"	"0"	"0"	"0"	"0"	"0"	"0"	"0"	"157"	"0"	"0"	"0"	"0"	"0"	"0"	"0"	"0"	"0"	"0"	"0"	"0"	"0"	"0"	"0"	"0"	"0"	"0"	"0"	"0"	"0"	"0"	"0"	"0"	"0"
"0"	"0"	"0"	"0"	"0"	"0"	"0"	"0"	"158"	"0"	"0"	"0"	"0"	"0"	"0"	"0"	"0"	"0"	"0"	"0"	"0"	"0"	"0"	"0"	"0"	"0"	"0"	"0"	"0"	"0"	"0"	"0"	"0"	"0"
"0"	"0"	"0"	"0"	"0"	"0"	"0"	"0"	"159"	"0"	"0"	"0"	"0"	"0"	"0"	"0"	"0"	"0"	"0"	"0"	"0"	"0"	"0"	"0"	"0"	"0"	"0"	"0"	"0"	"0"	"0"	"0"	"0"	"0"
"0"	"0"	"0"	"0"	"0"	"0"	"0"	"0"	"160"	"0"	"0"	"0"	"0"	"0"	"0"	"0"	"0"	"0"	"0"	"0"	"0"	"0"	"0"	"0"	"0"	"0"	"0"	"0"	"0"	"0"	"0"	"0"	"0"	"0"
"0"	"0"	"0"	"0"	"0"	"0"	"0"	"0"	"161"	"0"	"0"	"0"	"0"	"0"	"0"	"0"	"0"	"0"	"0"	"0"	"0"	"0"	"0"	"0"	"0"	"0"	"0"	"0"	"0"	"0"	"0"	"0"	"0"	"0"
"41"	"1"	"1"	"0"	"0"	"5"	"3"	"6.75"	"162"	"0.5"	"12"	"53"	"1"	"0"	"0"	"0"	"0"	"0"	"0"	"0"	"0"	"0"	"0"	"53"	"6.25"	"150"	"0.5"	"12"	"53"	"7.25"	"174"	"0.5"	"12"	"1"
"41"	"1"	"1"	"0"	"0"	"5"	"3"	"6.75"	"162"	"0.5"	"12"	"57"	"1"	"0"	"0"	"0"	"0"	"0"	"0"	"0"	"0"	"0"	"0"	"53"	"6.25"	"150"	"0.5"	"12"	"53"	"7.25"	"174"	"0.5"	"12"	"1"
"41"	"1"	"1"	"0"	"0"	"5"	"3"	"6.75"	"162"	"0.5"	"12"	"60"	"1"	"0"	"0"	"0"	"0"	"0"	"0"	"0"	"0"	"0"	"0"	"53"	"6.25"	"150"	"0.5"	"12"	"53"	"7.25"	"174"	"0.5"	"12"	"1"
"41"	"1"	"1"	"0"	"0"	"5"	"3"	"6.75"	"162"	"0.5"	"12"	"62"	"1"	"0"	"0"	"0"	"0"	"0"	"0"	"0"	"0"	"0"	"0"	"53"	"6.25"	"150"	"0.5"	"12"	"53"	"7.25"	"174"	"0.5"	"12"	"1"
"41"	"2"	"2"	"0"	"0"	"4"	"3"	"6.75"	"162"	"0.5"	"12"	"67"	"1"	"0"	"0"	"0"	"0"	"0"	"0"	"0"	"0"	"0"	"0"	"64"	"6.25"	"150"	"0.5"	"12"	"67"	"7.25"	"174"	"0.5"	"12"	"1"
"41"	"2"	"2"	"0"	"0"	"4"	"3"	"6.75"	"162"	"0.5"	"12"	"73"	"1"	"0"	"0"	"0"	"0"	"0"	"0"	"0"	"0"	"0"	"0"	"64"	"6.25"	"150"	"0.5"	"12"	"67"	"7.25"	"174"	"0.5"	"12"	"1"
"41"	"2"	"2"	"0"	"0"	"4"	"3"	"6.75"	"162"	"0.5"	"12"	"78"	"1"	"0"	"0"	"0"	"0"	"0"	"0"	"0"	"0"	"0"	"0"	"64"	"6.25"	"150"	"0.5"	"12"	"67"	"7.25"	"174"	"0.5"	"12"	"1"
"0"	"0"	"0"	"0"	"0"	"0"	"0"	"0"	"163"	"0"	"0"	"0"	"0"	"0"	"0"	"0"	"0"	"0"	"0"	"0"	"0"	"0"	"0"	"0"	"0"	"0"	"0"	"0"	"0"	"0"	"0"	"0"	"0"	"0"
"0"	"0"	"0"	"0"	"0"	"0"	"0"	"0"	"164"	"0"	"0"	"0"	"0"	"0"	"0"	"0"	"0"	"0"	"0"	"0"	"0"	"0"	"0"	"0"	"0"	"0"	"0"	"0"	"0"	"0"	"0"	"0"	"0"	"0"
"0"	"0"	"0"	"0"	"0"	"0"	"0"	"0"	"165"	"0"	"0"	"0"	"0"	"0"	"0"	"0"	"0"	"0"	"0"	"0"	"0"	"0"	"0"	"0"	"0"	"0"	"0"	"0"	"0"	"0"	"0"	"0"	"0"	"0"
"0"	"0"	"0"	"0"	"0"	"0"	"0"	"0"	"166"	"0"	"0"	"0"	"0"	"0"	"0"	"0"	"0"	"0"	"0"	"0"	"0"	"0"	"0"	"0"	"0"	"0"	"0"	"0"	"0"	"0"	"0"	"0"	"0"	"0"
"0"	"0"	"0"	"0"	"0"	"0"	"0"	"0"	"167"	"0"	"0"	"0"	"0"	"0"	"0"	"0"	"0"	"0"	"0"	"0"	"0"	"0"	"0"	"0"	"0"	"0"	"0"	"0"	"0"	"0"	"0"	"0"	"0"	"0"
"42"	"6"	"6"	"0"	"0"	"2"	"3"	"7"	"168"	"0.5"	"12"	"73"	"0"	"0"	"0"	"0"	"0"	"0"	"0"	"0"	"0"	"0"	"0"	"67"	"6.5"	"156"	"0.5"	"12"	"72"	"7.5"	"180"	"0.5"	"12"	"1"
"0"	"0"	"0"	"0"	"0"	"0"	"0"	"0"	"169"	"0"	"0"	"0"	"0"	"0"	"0"	"0"	"0"	"0"	"0"	"0"	"0"	"0"	"0"	"0"	"0"	"0"	"0"	"0"	"0"	"0"	"0"	"0"	"0"	"0"
"0"	"0"	"0"	"0"	"0"	"0"	"0"	"0"	"170"	"0"	"0"	"0"	"0"	"0"	"0"	"0"	"0"	"0"	"0"	"0"	"0"	"0"	"0"	"0"	"0"	"0"	"0"	"0"	"0"	"0"	"0"	"0"	"0"	"0"
"0"	"0"	"0"	"0"	"0"	"0"	"0"	"0"	"171"	"0"	"0"	"0"	"0"	"0"	"0"	"0"	"0"	"0"	"0"	"0"	"0"	"0"	"0"	"0"	"0"	"0"	"0"	"0"	"0"	"0"	"0"	"0"	"0"	"0"
"0"	"0"	"0"	"0"	"0"	"0"	"0"	"0"	"172"	"0"	"0"	"0"	"0"	"0"	"0"	"0"	"0"	"0"	"0"	"0"	"0"	"0"	"0"	"0"	"0"	"0"	"0"	"0"	"0"	"0"	"0"	"0"	"0"	"0"
"0"	"0"	"0"	"0"	"0"	"0"	"0"	"0"	"173"	"0"	"0"	"0"	"0"	"0"	"0"	"0"	"0"	"0"	"0"	"0"	"0"	"0"	"0"	"0"	"0"	"0"	"0"	"0"	"0"	"0"	"0"	"0"	"0"	"0"
"43"	"1"	"1"	"0"	"0"	"5"	"3"	"7.25"	"174"	"0.5"	"12"	"53"	"1"	"0"	"0"	"0"	"0"	"0"	"0"	"0"	"0"	"0"	"0"	"53"	"6.75"	"162"	"0.5"	"12"	"53"	"7.75"	"186"	"0.5"	"12"	"1"
"43"	"1"	"1"	"0"	"0"	"5"	"3"	"7.25"	"174"	"0.5"	"12"	"57"	"1"	"0"	"0"	"0"	"0"	"0"	"0"	"0"	"0"	"0"	"0"	"53"	"6.75"	"162"	"0.5"	"12"	"53"	"7.75"	"186"	"0.5"	"12"	"1"
"43"	"1"	"1"	"0"	"0"	"5"	"3"	"7.25"	"174"	"0.5"	"12"	"60"	"1"	"0"	"0"	"0"	"0"	"0"	"0"	"0"	"0"	"0"	"0"	"53"	"6.75"	"162"	"0.5"	"12"	"53"	"7.75"	"186"	"0.5"	"12"	"1"
"43"	"1"	"1"	"0"	"0"	"5"	"3"	"7.25"	"174"	"0.5"	"12"	"62"	"1"	"0"	"0"	"0"	"0"	"0"	"0"	"0"	"0"	"0"	"0"	"53"	"6.75"	"162"	"0.5"	"12"	"53"	"7.75"	"186"	"0.5"	"12"	"1"
"43"	"2"	"2"	"0"	"0"	"4"	"3"	"7.25"	"174"	"0.5"	"12"	"67"	"1"	"0"	"0"	"0"	"0"	"0"	"0"	"0"	"0"	"0"	"0"	"67"	"6.75"	"162"	"0.5"	"12"	"66"	"7.75"	"186"	"0.5"	"12"	"1"
"43"	"2"	"2"	"0"	"0"	"4"	"3"	"7.25"	"174"	"0.5"	"12"	"71"	"1"	"0"	"0"	"0"	"0"	"0"	"0"	"0"	"0"	"0"	"0"	"67"	"6.75"	"162"	"0.5"	"12"	"66"	"7.75"	"186"	"0.5"	"12"	"1"
"43"	"2"	"2"	"0"	"0"	"4"	"3"	"7.25"	"174"	"0.5"	"12"	"76"	"1"	"0"	"0"	"0"	"0"	"0"	"0"	"0"	"0"	"0"	"0"	"67"	"6.75"	"162"	"0.5"	"12"	"66"	"7.75"	"186"	"0.5"	"12"	"1"
"0"	"0"	"0"	"0"	"0"	"0"	"0"	"0"	"175"	"0"	"0"	"0"	"0"	"0"	"0"	"0"	"0"	"0"	"0"	"0"	"0"	"0"	"0"	"0"	"0"	"0"	"0"	"0"	"0"	"0"	"0"	"0"	"0"	"0"
"0"	"0"	"0"	"0"	"0"	"0"	"0"	"0"	"176"	"0"	"0"	"0"	"0"	"0"	"0"	"0"	"0"	"0"	"0"	"0"	"0"	"0"	"0"	"0"	"0"	"0"	"0"	"0"	"0"	"0"	"0"	"0"	"0"	"0"
"0"	"0"	"0"	"0"	"0"	"0"	"0"	"0"	"177"	"0"	"0"	"0"	"0"	"0"	"0"	"0"	"0"	"0"	"0"	"0"	"0"	"0"	"0"	"0"	"0"	"0"	"0"	"0"	"0"	"0"	"0"	"0"	"0"	"0"
"0"	"0"	"0"	"0"	"0"	"0"	"0"	"0"	"178"	"0"	"0"	"0"	"0"	"0"	"0"	"0"	"0"	"0"	"0"	"0"	"0"	"0"	"0"	"0"	"0"	"0"	"0"	"0"	"0"	"0"	"0"	"0"	"0"	"0"
"0"	"0"	"0"	"0"	"0"	"0"	"0"	"0"	"179"	"0"	"0"	"0"	"0"	"0"	"0"	"0"	"0"	"0"	"0"	"0"	"0"	"0"	"0"	"0"	"0"	"0"	"0"	"0"	"0"	"0"	"0"	"0"	"0"	"0"
"44"	"4"	"4"	"0"	"0"	"3"	"3"	"7.5"	"180"	"1.5"	"36"	"64"	"1"	"0"	"0"	"0"	"0"	"0"	"0"	"0"	"0"	"0"	"0"	"60"	"5.5"	"132"	"2"	"48"	"62"	"9"	"216"	"2"	"48"	"1"
"44"	"4"	"4"	"0"	"0"	"3"	"3"	"7.5"	"180"	"1.5"	"36"	"69"	"1"	"0"	"0"	"0"	"0"	"0"	"0"	"0"	"0"	"0"	"0"	"60"	"5.5"	"132"	"2"	"48"	"62"	"9"	"216"	"2"	"48"	"1"
"44"	"6"	"6"	"0"	"0"	"2"	"3"	"7.5"	"180"	"0.5"	"12"	"72"	"0"	"0"	"0"	"0"	"0"	"0"	"0"	"0"	"0"	"0"	"0"	"73"	"7"	"168"	"0.5"	"12"	"66"	"8"	"192"	"0.5"	"12"	"1"
"0"	"0"	"0"	"0"	"0"	"0"	"0"	"0"	"181"	"0"	"0"	"0"	"0"	"0"	"0"	"0"	"0"	"0"	"0"	"0"	"0"	"0"	"0"	"0"	"0"	"0"	"0"	"0"	"0"	"0"	"0"	"0"	"0"	"0"
"0"	"0"	"0"	"0"	"0"	"0"	"0"	"0"	"182"	"0"	"0"	"0"	"0"	"0"	"0"	"0"	"0"	"0"	"0"	"0"	"0"	"0"	"0"	"0"	"0"	"0"	"0"	"0"	"0"	"0"	"0"	"0"	"0"	"0"
"0"	"0"	"0"	"0"	"0"	"0"	"0"	"0"	"183"	"0"	"0"	"0"	"0"	"0"	"0"	"0"	"0"	"0"	"0"	"0"	"0"	"0"	"0"	"0"	"0"	"0"	"0"	"0"	"0"	"0"	"0"	"0"	"0"	"0"
"0"	"0"	"0"	"0"	"0"	"0"	"0"	"0"	"184"	"0"	"0"	"0"	"0"	"0"	"0"	"0"	"0"	"0"	"0"	"0"	"0"	"0"	"0"	"0"	"0"	"0"	"0"	"0"	"0"	"0"	"0"	"0"	"0"	"0"
"0"	"0"	"0"	"0"	"0"	"0"	"0"	"0"	"185"	"0"	"0"	"0"	"0"	"0"	"0"	"0"	"0"	"0"	"0"	"0"	"0"	"0"	"0"	"0"	"0"	"0"	"0"	"0"	"0"	"0"	"0"	"0"	"0"	"0"
"45"	"1"	"1"	"0"	"0"	"5"	"3"	"7.75"	"186"	"0.5"	"12"	"53"	"1"	"0"	"0"	"0"	"0"	"0"	"0"	"0"	"0"	"0"	"0"	"53"	"7.25"	"174"	"0.5"	"12"	"53"	"8.25"	"198"	"0.75"	"18"	"1"
"45"	"1"	"1"	"0"	"0"	"5"	"3"	"7.75"	"186"	"0.5"	"12"	"58"	"1"	"0"	"0"	"0"	"0"	"0"	"0"	"0"	"0"	"0"	"0"	"53"	"7.25"	"174"	"0.5"	"12"	"53"	"8.25"	"198"	"0.75"	"18"	"1"
"45"	"1"	"1"	"0"	"0"	"5"	"3"	"7.75"	"186"	"0.5"	"12"	"61"	"1"	"0"	"0"	"0"	"0"	"0"	"0"	"0"	"0"	"0"	"0"	"53"	"7.25"	"174"	"0.5"	"12"	"53"	"8.25"	"198"	"0.75"	"18"	"1"
"45"	"2"	"2"	"0"	"0"	"4"	"3"	"7.75"	"186"	"0.5"	"12"	"66"	"1"	"0"	"0"	"0"	"0"	"0"	"0"	"0"	"0"	"0"	"0"	"67"	"7.25"	"174"	"0.5"	"12"	"67"	"8.25"	"198"	"0.75"	"18"	"1"
"45"	"2"	"2"	"0"	"0"	"4"	"3"	"7.75"	"186"	"0.5"	"12"	"76"	"1"	"0"	"0"	"0"	"0"	"0"	"0"	"0"	"0"	"0"	"0"	"67"	"7.25"	"174"	"0.5"	"12"	"67"	"8.25"	"198"	"0.75"	"18"	"1"
"0"	"0"	"0"	"0"	"0"	"0"	"0"	"0"	"187"	"0"	"0"	"0"	"0"	"0"	"0"	"0"	"0"	"0"	"0"	"0"	"0"	"0"	"0"	"0"	"0"	"0"	"0"	"0"	"0"	"0"	"0"	"0"	"0"	"0"
"0"	"0"	"0"	"0"	"0"	"0"	"0"	"0"	"188"	"0"	"0"	"0"	"0"	"0"	"0"	"0"	"0"	"0"	"0"	"0"	"0"	"0"	"0"	"0"	"0"	"0"	"0"	"0"	"0"	"0"	"0"	"0"	"0"	"0"
"0"	"0"	"0"	"0"	"0"	"0"	"0"	"0"	"189"	"0"	"0"	"0"	"0"	"0"	"0"	"0"	"0"	"0"	"0"	"0"	"0"	"0"	"0"	"0"	"0"	"0"	"0"	"0"	"0"	"0"	"0"	"0"	"0"	"0"
"0"	"0"	"0"	"0"	"0"	"0"	"0"	"0"	"190"	"0"	"0"	"0"	"0"	"0"	"0"	"0"	"0"	"0"	"0"	"0"	"0"	"0"	"0"	"0"	"0"	"0"	"0"	"0"	"0"	"0"	"0"	"0"	"0"	"0"
"0"	"0"	"0"	"0"	"0"	"0"	"0"	"0"	"191"	"0"	"0"	"0"	"0"	"0"	"0"	"0"	"0"	"0"	"0"	"0"	"0"	"0"	"0"	"0"	"0"	"0"	"0"	"0"	"0"	"0"	"0"	"0"	"0"	"0"
"46"	"6"	"6"	"0"	"0"	"2"	"3"	"8"	"192"	"0.5"	"12"	"66"	"0"	"0"	"0"	"0"	"0"	"0"	"0"	"0"	"0"	"0"	"0"	"72"	"7.5"	"180"	"0.5"	"12"	"65"	"8.5"	"204"	"0.5"	"12"	"1"
"0"	"0"	"0"	"0"	"0"	"0"	"0"	"0"	"193"	"0"	"0"	"0"	"0"	"0"	"0"	"0"	"0"	"0"	"0"	"0"	"0"	"0"	"0"	"0"	"0"	"0"	"0"	"0"	"0"	"0"	"0"	"0"	"0"	"0"
"0"	"0"	"0"	"0"	"0"	"0"	"0"	"0"	"194"	"0"	"0"	"0"	"0"	"0"	"0"	"0"	"0"	"0"	"0"	"0"	"0"	"0"	"0"	"0"	"0"	"0"	"0"	"0"	"0"	"0"	"0"	"0"	"0"	"0"
"0"	"0"	"0"	"0"	"0"	"0"	"0"	"0"	"195"	"0"	"0"	"0"	"0"	"0"	"0"	"0"	"0"	"0"	"0"	"0"	"0"	"0"	"0"	"0"	"0"	"0"	"0"	"0"	"0"	"0"	"0"	"0"	"0"	"0"
"0"	"0"	"0"	"0"	"0"	"0"	"0"	"0"	"196"	"0"	"0"	"0"	"0"	"0"	"0"	"0"	"0"	"0"	"0"	"0"	"0"	"0"	"0"	"0"	"0"	"0"	"0"	"0"	"0"	"0"	"0"	"0"	"0"	"0"
"0"	"0"	"0"	"0"	"0"	"0"	"0"	"0"	"197"	"0"	"0"	"0"	"0"	"0"	"0"	"0"	"0"	"0"	"0"	"0"	"0"	"0"	"0"	"0"	"0"	"0"	"0"	"0"	"0"	"0"	"0"	"0"	"0"	"0"
"47"	"1"	"1"	"0"	"0"	"5"	"3"	"8.25"	"198"	"0.75"	"18"	"53"	"1"	"0"	"0"	"0"	"0"	"0"	"0"	"0"	"0"	"0"	"0"	"53"	"7.75"	"186"	"0.5"	"12"	"53"	"9"	"216"	"0.75"	"18"	"1"
"47"	"1"	"1"	"0"	"0"	"5"	"3"	"8.25"	"198"	"0.75"	"18"	"59"	"1"	"0"	"0"	"0"	"0"	"0"	"0"	"0"	"0"	"0"	"0"	"53"	"7.75"	"186"	"0.5"	"12"	"53"	"9"	"216"	"0.75"	"18"	"1"
"47"	"1"	"1"	"0"	"0"	"5"	"3"	"8.25"	"198"	"0.75"	"18"	"62"	"1"	"0"	"0"	"0"	"0"	"0"	"0"	"0"	"0"	"0"	"0"	"53"	"7.75"	"186"	"0.5"	"12"	"53"	"9"	"216"	"0.75"	"18"	"1"
"47"	"2"	"2"	"0"	"0"	"4"	"3"	"8.25"	"198"	"0.75"	"18"	"67"	"1"	"0"	"0"	"0"	"0"	"0"	"0"	"0"	"0"	"0"	"0"	"66"	"7.75"	"186"	"0.5"	"12"	"68"	"9"	"216"	"0.75"	"18"	"1"
"47"	"2"	"2"	"0"	"0"	"4"	"3"	"8.25"	"198"	"0.75"	"18"	"76"	"1"	"0"	"0"	"0"	"0"	"0"	"0"	"0"	"0"	"0"	"0"	"66"	"7.75"	"186"	"0.5"	"12"	"68"	"9"	"216"	"0.75"	"18"	"1"
"47"	"2"	"2"	"0"	"0"	"4"	"3"	"8.25"	"198"	"0.75"	"18"	"79"	"1"	"0"	"0"	"0"	"0"	"0"	"0"	"0"	"0"	"0"	"0"	"66"	"7.75"	"186"	"0.5"	"12"	"68"	"9"	"216"	"0.75"	"18"	"1"
"47"	"7"	"7"	"0"	"0"	"1"	"3"	"8.25"	"198"	"0.25"	"6"	"87"	"0"	"0"	"0"	"0"	"0"	"1"	"0"	"0"	"0"	"0"	"0"	"-1"	"-1"	"-1"	"-1"	"-1"	"87"	"8.5"	"204"	"0.25"	"6"	"0"
"0"	"0"	"0"	"0"	"0"	"0"	"0"	"0"	"198"	"0"	"0"	"0"	"0"	"0"	"0"	"0"	"0"	"0"	"0"	"0"	"0"	"0"	"0"	"0"	"0"	"0"	"0"	"0"	"0"	"0"	"0"	"0"	"0"	"1"
"0"	"0"	"0"	"0"	"0"	"0"	"0"	"0"	"199"	"0"	"0"	"0"	"0"	"0"	"0"	"0"	"0"	"0"	"0"	"0"	"0"	"0"	"0"	"0"	"0"	"0"	"0"	"0"	"0"	"0"	"0"	"0"	"0"	"0"
"0"	"0"	"0"	"0"	"0"	"0"	"0"	"0"	"200"	"0"	"0"	"0"	"0"	"0"	"0"	"0"	"0"	"0"	"0"	"0"	"0"	"0"	"0"	"0"	"0"	"0"	"0"	"0"	"0"	"0"	"0"	"0"	"0"	"0"
"0"	"0"	"0"	"0"	"0"	"0"	"0"	"0"	"201"	"0"	"0"	"0"	"0"	"0"	"0"	"0"	"0"	"0"	"0"	"0"	"0"	"0"	"0"	"0"	"0"	"0"	"0"	"0"	"0"	"0"	"0"	"0"	"0"	"0"
"0"	"0"	"0"	"0"	"0"	"0"	"0"	"0"	"202"	"0"	"0"	"0"	"0"	"0"	"0"	"0"	"0"	"0"	"0"	"0"	"0"	"0"	"0"	"0"	"0"	"0"	"0"	"0"	"0"	"0"	"0"	"0"	"0"	"0"
"0"	"0"	"0"	"0"	"0"	"0"	"0"	"0"	"203"	"0"	"0"	"0"	"0"	"0"	"0"	"0"	"0"	"0"	"0"	"0"	"0"	"0"	"0"	"0"	"0"	"0"	"0"	"0"	"0"	"0"	"0"	"0"	"0"	"0"
"48"	"6"	"6"	"0"	"0"	"2"	"3"	"8.5"	"204"	"0.5"	"12"	"65"	"0"	"0"	"0"	"0"	"0"	"0"	"0"	"0"	"0"	"0"	"0"	"66"	"8"	"192"	"0.5"	"12"	"62"	"9"	"216"	"0.25"	"6"	"1"
"48"	"7"	"7"	"0"	"0"	"1"	"3"	"8.5"	"204"	"0.25"	"6"	"87"	"0"	"0"	"0"	"0"	"0"	"1"	"0"	"0"	"0"	"0"	"0"	"87"	"8.25"	"198"	"0.25"	"6"	"87"	"8.75"	"210"	"0.25"	"6"	"0"
"0"	"0"	"0"	"0"	"0"	"0"	"0"	"0"	"204"	"0"	"0"	"0"	"0"	"0"	"0"	"0"	"0"	"0"	"0"	"0"	"0"	"0"	"0"	"0"	"0"	"0"	"0"	"0"	"0"	"0"	"0"	"0"	"0"	"1"
"0"	"0"	"0"	"0"	"0"	"0"	"0"	"0"	"205"	"0"	"0"	"0"	"0"	"0"	"0"	"0"	"0"	"0"	"0"	"0"	"0"	"0"	"0"	"0"	"0"	"0"	"0"	"0"	"0"	"0"	"0"	"0"	"0"	"0"
"0"	"0"	"0"	"0"	"0"	"0"	"0"	"0"	"206"	"0"	"0"	"0"	"0"	"0"	"0"	"0"	"0"	"0"	"0"	"0"	"0"	"0"	"0"	"0"	"0"	"0"	"0"	"0"	"0"	"0"	"0"	"0"	"0"	"0"
"0"	"0"	"0"	"0"	"0"	"0"	"0"	"0"	"207"	"0"	"0"	"0"	"0"	"0"	"0"	"0"	"0"	"0"	"0"	"0"	"0"	"0"	"0"	"0"	"0"	"0"	"0"	"0"	"0"	"0"	"0"	"0"	"0"	"0"
"0"	"0"	"0"	"0"	"0"	"0"	"0"	"0"	"208"	"0"	"0"	"0"	"0"	"0"	"0"	"0"	"0"	"0"	"0"	"0"	"0"	"0"	"0"	"0"	"0"	"0"	"0"	"0"	"0"	"0"	"0"	"0"	"0"	"0"
"0"	"0"	"0"	"0"	"0"	"0"	"0"	"0"	"209"	"0"	"0"	"0"	"0"	"0"	"0"	"0"	"0"	"0"	"0"	"0"	"0"	"0"	"0"	"0"	"0"	"0"	"0"	"0"	"0"	"0"	"0"	"0"	"0"	"0"
"49"	"7"	"7"	"0"	"0"	"1"	"3"	"8.75"	"210"	"0.25"	"6"	"87"	"0"	"0"	"0"	"0"	"0"	"1"	"0"	"0"	"0"	"0"	"0"	"87"	"8.5"	"204"	"0.25"	"6"	"95"	"9"	"216"	"0.125"	"3"	"0"
"0"	"0"	"0"	"0"	"0"	"0"	"0"	"0"	"210"	"0"	"0"	"0"	"0"	"0"	"0"	"0"	"0"	"0"	"0"	"0"	"0"	"0"	"0"	"0"	"0"	"0"	"0"	"0"	"0"	"0"	"0"	"0"	"0"	"1"
"0"	"0"	"0"	"0"	"0"	"0"	"0"	"0"	"211"	"0"	"0"	"0"	"0"	"0"	"0"	"0"	"0"	"0"	"0"	"0"	"0"	"0"	"0"	"0"	"0"	"0"	"0"	"0"	"0"	"0"	"0"	"0"	"0"	"0"
"0"	"0"	"0"	"0"	"0"	"0"	"0"	"0"	"212"	"0"	"0"	"0"	"0"	"0"	"0"	"0"	"0"	"0"	"0"	"0"	"0"	"0"	"0"	"0"	"0"	"0"	"0"	"0"	"0"	"0"	"0"	"0"	"0"	"0"
"0"	"0"	"0"	"0"	"0"	"0"	"0"	"0"	"213"	"0"	"0"	"0"	"0"	"0"	"0"	"0"	"0"	"0"	"0"	"0"	"0"	"0"	"0"	"0"	"0"	"0"	"0"	"0"	"0"	"0"	"0"	"0"	"0"	"0"
"0"	"0"	"0"	"0"	"0"	"0"	"0"	"0"	"214"	"0"	"0"	"0"	"0"	"0"	"0"	"0"	"0"	"0"	"0"	"0"	"0"	"0"	"0"	"0"	"0"	"0"	"0"	"0"	"0"	"0"	"0"	"0"	"0"	"0"
"0"	"0"	"0"	"0"	"0"	"0"	"0"	"0"	"215"	"0"	"0"	"0"	"0"	"0"	"0"	"0"	"0"	"0"	"0"	"0"	"0"	"0"	"0"	"0"	"0"	"0"	"0"	"0"	"0"	"0"	"0"	"0"	"0"	"0"
"51"	"1"	"1"	"0"	"0"	"5"	"4"	"9"	"216"	"0.75"	"18"	"53"	"1"	"0"	"0"	"0"	"0"	"0"	"0"	"0"	"0"	"0"	"0"	"53"	"8.25"	"198"	"0.75"	"18"	"53"	"9.75"	"234"	"0.75"	"18"	"1"
"51"	"1"	"1"	"0"	"0"	"5"	"4"	"9"	"216"	"0.75"	"18"	"60"	"1"	"0"	"0"	"0"	"0"	"0"	"0"	"0"	"0"	"0"	"0"	"53"	"8.25"	"198"	"0.75"	"18"	"53"	"9.75"	"234"	"0.75"	"18"	"1"
"51"	"1"	"1"	"0"	"0"	"5"	"4"	"9"	"216"	"0.75"	"18"	"63"	"1"	"0"	"0"	"0"	"0"	"0"	"0"	"0"	"0"	"0"	"0"	"53"	"8.25"	"198"	"0.75"	"18"	"53"	"9.75"	"234"	"0.75"	"18"	"1"
"51"	"2"	"2"	"0"	"0"	"4"	"4"	"9"	"216"	"0.75"	"18"	"68"	"1"	"0"	"0"	"0"	"0"	"0"	"0"	"0"	"0"	"0"	"0"	"67"	"8.25"	"198"	"0.75"	"18"	"69"	"9.75"	"234"	"0.75"	"18"	"1"
"51"	"2"	"2"	"0"	"0"	"4"	"4"	"9"	"216"	"0.75"	"18"	"79"	"1"	"0"	"0"	"0"	"0"	"0"	"0"	"0"	"0"	"0"	"0"	"67"	"8.25"	"198"	"0.75"	"18"	"69"	"9.75"	"234"	"0.75"	"18"	"1"
"51"	"4"	"4"	"0"	"0"	"3"	"4"	"9"	"216"	"2"	"48"	"62"	"1"	"0"	"0"	"0"	"0"	"0"	"0"	"0"	"0"	"0"	"0"	"64"	"7.5"	"180"	"1.5"	"36"	"66"	"11"	"264"	"2"	"48"	"1"
"51"	"4"	"4"	"0"	"0"	"3"	"4"	"9"	"216"	"2"	"48"	"67"	"1"	"0"	"0"	"0"	"0"	"0"	"0"	"0"	"0"	"0"	"0"	"64"	"7.5"	"180"	"1.5"	"36"	"66"	"11"	"264"	"2"	"48"	"1"
"51"	"6"	"6"	"0"	"0"	"2"	"4"	"9"	"216"	"0.25"	"6"	"62"	"0"	"0"	"0"	"0"	"0"	"0"	"0"	"0"	"0"	"0"	"0"	"65"	"8.5"	"204"	"0.5"	"12"	"73"	"9.25"	"222"	"0.5"	"12"	"1"
"51"	"7"	"7"	"0"	"0"	"1"	"4"	"9"	"216"	"0.125"	"3"	"95"	"0"	"0"	"0"	"0"	"0"	"0"	"0"	"0"	"0"	"0"	"0"	"87"	"8.75"	"210"	"0.25"	"6"	"95"	"9.125"	"219"	"0.125"	"3"	"1"
"0"	"0"	"0"	"0"	"0"	"0"	"0"	"0"	"217"	"0"	"0"	"0"	"0"	"0"	"0"	"0"	"0"	"0"	"0"	"0"	"0"	"0"	"0"	"0"	"0"	"0"	"0"	"0"	"0"	"0"	"0"	"0"	"0"	"0"
"0"	"0"	"0"	"0"	"0"	"0"	"0"	"0"	"218"	"0"	"0"	"0"	"0"	"0"	"0"	"0"	"0"	"0"	"0"	"0"	"0"	"0"	"0"	"0"	"0"	"0"	"0"	"0"	"0"	"0"	"0"	"0"	"0"	"0"
"52"	"7"	"7"	"0"	"0"	"1"	"4"	"9.125"	"219"	"0.125"	"3"	"95"	"0"	"0"	"0"	"0"	"0"	"0"	"0"	"0"	"0"	"0"	"0"	"95"	"9"	"216"	"0.125"	"3"	"95"	"9.25"	"222"	"0.125"	"3"	"1"
"0"	"0"	"0"	"0"	"0"	"0"	"0"	"0"	"220"	"0"	"0"	"0"	"0"	"0"	"0"	"0"	"0"	"0"	"0"	"0"	"0"	"0"	"0"	"0"	"0"	"0"	"0"	"0"	"0"	"0"	"0"	"0"	"0"	"0"
"0"	"0"	"0"	"0"	"0"	"0"	"0"	"0"	"221"	"0"	"0"	"0"	"0"	"0"	"0"	"0"	"0"	"0"	"0"	"0"	"0"	"0"	"0"	"0"	"0"	"0"	"0"	"0"	"0"	"0"	"0"	"0"	"0"	"0"
"53"	"6"	"6"	"0"	"0"	"2"	"4"	"9.25"	"222"	"0.5"	"12"	"73"	"0"	"0"	"0"	"0"	"0"	"0"	"0"	"0"	"0"	"0"	"0"	"62"	"9"	"216"	"0.25"	"6"	"67"	"9.75"	"234"	"0.5"	"12"	"1"
"53"	"7"	"7"	"0"	"0"	"1"	"4"	"9.25"	"222"	"0.125"	"3"	"95"	"0"	"0"	"0"	"0"	"0"	"0"	"0"	"0"	"0"	"0"	"0"	"95"	"9.125"	"219"	"0.125"	"3"	"95"	"9.375"	"225"	"0.125"	"3"	"1"
"0"	"0"	"0"	"0"	"0"	"0"	"0"	"0"	"223"	"0"	"0"	"0"	"0"	"0"	"0"	"0"	"0"	"0"	"0"	"0"	"0"	"0"	"0"	"0"	"0"	"0"	"0"	"0"	"0"	"0"	"0"	"0"	"0"	"0"
"0"	"0"	"0"	"0"	"0"	"0"	"0"	"0"	"224"	"0"	"0"	"0"	"0"	"0"	"0"	"0"	"0"	"0"	"0"	"0"	"0"	"0"	"0"	"0"	"0"	"0"	"0"	"0"	"0"	"0"	"0"	"0"	"0"	"0"
"54"	"7"	"7"	"0"	"0"	"1"	"4"	"9.375"	"225"	"0.125"	"3"	"95"	"0"	"0"	"0"	"0"	"0"	"0"	"0"	"0"	"0"	"0"	"0"	"95"	"9.25"	"222"	"0.125"	"3"	"95"	"9.5"	"228"	"0.125"	"3"	"1"
"0"	"0"	"0"	"0"	"0"	"0"	"0"	"0"	"226"	"0"	"0"	"0"	"0"	"0"	"0"	"0"	"0"	"0"	"0"	"0"	"0"	"0"	"0"	"0"	"0"	"0"	"0"	"0"	"0"	"0"	"0"	"0"	"0"	"0"
"0"	"0"	"0"	"0"	"0"	"0"	"0"	"0"	"227"	"0"	"0"	"0"	"0"	"0"	"0"	"0"	"0"	"0"	"0"	"0"	"0"	"0"	"0"	"0"	"0"	"0"	"0"	"0"	"0"	"0"	"0"	"0"	"0"	"0"
"55"	"7"	"7"	"0"	"0"	"1"	"4"	"9.5"	"228"	"0.125"	"3"	"95"	"0"	"0"	"0"	"0"	"0"	"0"	"0"	"0"	"0"	"0"	"0"	"95"	"9.375"	"225"	"0.125"	"3"	"95"	"9.625"	"231"	"0.125"	"3"	"1"
"0"	"0"	"0"	"0"	"0"	"0"	"0"	"0"	"229"	"0"	"0"	"0"	"0"	"0"	"0"	"0"	"0"	"0"	"0"	"0"	"0"	"0"	"0"	"0"	"0"	"0"	"0"	"0"	"0"	"0"	"0"	"0"	"0"	"0"
"0"	"0"	"0"	"0"	"0"	"0"	"0"	"0"	"230"	"0"	"0"	"0"	"0"	"0"	"0"	"0"	"0"	"0"	"0"	"0"	"0"	"0"	"0"	"0"	"0"	"0"	"0"	"0"	"0"	"0"	"0"	"0"	"0"	"0"
"56"	"7"	"7"	"0"	"0"	"1"	"4"	"9.625"	"231"	"0.125"	"3"	"95"	"0"	"0"	"0"	"0"	"0"	"0"	"0"	"0"	"0"	"0"	"0"	"95"	"9.5"	"228"	"0.125"	"3"	"95"	"9.75"	"234"	"0.125"	"3"	"1"
"0"	"0"	"0"	"0"	"0"	"0"	"0"	"0"	"232"	"0"	"0"	"0"	"0"	"0"	"0"	"0"	"0"	"0"	"0"	"0"	"0"	"0"	"0"	"0"	"0"	"0"	"0"	"0"	"0"	"0"	"0"	"0"	"0"	"0"
"0"	"0"	"0"	"0"	"0"	"0"	"0"	"0"	"233"	"0"	"0"	"0"	"0"	"0"	"0"	"0"	"0"	"0"	"0"	"0"	"0"	"0"	"0"	"0"	"0"	"0"	"0"	"0"	"0"	"0"	"0"	"0"	"0"	"0"
"57"	"1"	"1"	"0"	"0"	"5"	"4"	"9.75"	"234"	"0.75"	"18"	"53"	"1"	"0"	"0"	"0"	"0"	"0"	"0"	"0"	"0"	"0"	"0"	"53"	"9"	"216"	"0.75"	"18"	"56"	"10.5"	"252"	"0.25"	"6"	"1"
"57"	"1"	"1"	"0"	"0"	"5"	"4"	"9.75"	"234"	"0.75"	"18"	"61"	"1"	"0"	"0"	"0"	"0"	"0"	"0"	"0"	"0"	"0"	"0"	"53"	"9"	"216"	"0.75"	"18"	"56"	"10.5"	"252"	"0.25"	"6"	"1"
"57"	"1"	"1"	"0"	"0"	"5"	"4"	"9.75"	"234"	"0.75"	"18"	"64"	"1"	"0"	"0"	"0"	"0"	"0"	"0"	"0"	"0"	"0"	"0"	"53"	"9"	"216"	"0.75"	"18"	"56"	"10.5"	"252"	"0.25"	"6"	"1"
"57"	"2"	"2"	"0"	"0"	"4"	"4"	"9.75"	"234"	"0.75"	"18"	"69"	"1"	"0"	"0"	"0"	"0"	"0"	"0"	"0"	"0"	"0"	"0"	"68"	"9"	"216"	"0.75"	"18"	"70"	"10.5"	"252"	"0.25"	"6"	"1"
"57"	"2"	"2"	"0"	"0"	"4"	"4"	"9.75"	"234"	"0.75"	"18"	"79"	"1"	"0"	"0"	"0"	"0"	"0"	"0"	"0"	"0"	"0"	"0"	"68"	"9"	"216"	"0.75"	"18"	"70"	"10.5"	"252"	"0.25"	"6"	"1"
"57"	"2"	"2"	"0"	"0"	"4"	"4"	"9.75"	"234"	"0.75"	"18"	"83"	"1"	"0"	"0"	"0"	"0"	"0"	"0"	"0"	"0"	"0"	"0"	"68"	"9"	"216"	"0.75"	"18"	"70"	"10.5"	"252"	"0.25"	"6"	"1"
"57"	"6"	"6"	"0"	"0"	"2"	"4"	"9.75"	"234"	"0.5"	"12"	"67"	"0"	"0"	"0"	"0"	"0"	"0"	"0"	"0"	"0"	"0"	"0"	"73"	"9.25"	"222"	"0.5"	"12"	"71"	"10.25"	"246"	"0.0833333"	"2"	"1"
"57"	"7"	"7"	"0"	"0"	"1"	"4"	"9.75"	"234"	"0.125"	"3"	"95"	"0"	"0"	"0"	"0"	"0"	"0"	"0"	"0"	"0"	"0"	"0"	"95"	"9.625"	"231"	"0.125"	"3"	"95"	"9.875"	"237"	"0.125"	"3"	"1"
"0"	"0"	"0"	"0"	"0"	"0"	"0"	"0"	"235"	"0"	"0"	"0"	"0"	"0"	"0"	"0"	"0"	"0"	"0"	"0"	"0"	"0"	"0"	"0"	"0"	"0"	"0"	"0"	"0"	"0"	"0"	"0"	"0"	"0"
"0"	"0"	"0"	"0"	"0"	"0"	"0"	"0"	"236"	"0"	"0"	"0"	"0"	"0"	"0"	"0"	"0"	"0"	"0"	"0"	"0"	"0"	"0"	"0"	"0"	"0"	"0"	"0"	"0"	"0"	"0"	"0"	"0"	"0"
"58"	"7"	"7"	"0"	"0"	"1"	"4"	"9.875"	"237"	"0.125"	"3"	"95"	"0"	"0"	"0"	"0"	"0"	"0"	"0"	"0"	"0"	"0"	"0"	"95"	"9.75"	"234"	"0.125"	"3"	"85"	"12"	"288"	"0.125"	"3"	"1"
"0"	"0"	"0"	"0"	"0"	"0"	"0"	"0"	"238"	"0"	"0"	"0"	"0"	"0"	"0"	"0"	"0"	"0"	"0"	"0"	"0"	"0"	"0"	"0"	"0"	"0"	"0"	"0"	"0"	"0"	"0"	"0"	"0"	"0"
"0"	"0"	"0"	"0"	"0"	"0"	"0"	"0"	"239"	"0"	"0"	"0"	"0"	"0"	"0"	"0"	"0"	"0"	"0"	"0"	"0"	"0"	"0"	"0"	"0"	"0"	"0"	"0"	"0"	"0"	"0"	"0"	"0"	"0"
"0"	"0"	"0"	"0"	"0"	"0"	"0"	"0"	"240"	"0"	"0"	"0"	"0"	"0"	"0"	"0"	"0"	"0"	"0"	"0"	"0"	"0"	"0"	"0"	"0"	"0"	"0"	"0"	"0"	"0"	"0"	"0"	"0"	"0"
"0"	"0"	"0"	"0"	"0"	"0"	"0"	"0"	"241"	"0"	"0"	"0"	"0"	"0"	"0"	"0"	"0"	"0"	"0"	"0"	"0"	"0"	"0"	"0"	"0"	"0"	"0"	"0"	"0"	"0"	"0"	"0"	"0"	"0"
"0"	"0"	"0"	"0"	"0"	"0"	"0"	"0"	"242"	"0"	"0"	"0"	"0"	"0"	"0"	"0"	"0"	"0"	"0"	"0"	"0"	"0"	"0"	"0"	"0"	"0"	"0"	"0"	"0"	"0"	"0"	"0"	"0"	"0"
"0"	"0"	"0"	"0"	"0"	"0"	"0"	"0"	"243"	"0"	"0"	"0"	"0"	"0"	"0"	"0"	"0"	"0"	"0"	"0"	"0"	"0"	"0"	"0"	"0"	"0"	"0"	"0"	"0"	"0"	"0"	"0"	"0"	"0"
"0"	"0"	"0"	"0"	"0"	"0"	"0"	"0"	"244"	"0"	"0"	"0"	"0"	"0"	"0"	"0"	"0"	"0"	"0"	"0"	"0"	"0"	"0"	"0"	"0"	"0"	"0"	"0"	"0"	"0"	"0"	"0"	"0"	"0"
"0"	"0"	"0"	"0"	"0"	"0"	"0"	"0"	"245"	"0"	"0"	"0"	"0"	"0"	"0"	"0"	"0"	"0"	"0"	"0"	"0"	"0"	"0"	"0"	"0"	"0"	"0"	"0"	"0"	"0"	"0"	"0"	"0"	"0"
"60"	"6"	"6"	"0"	"0"	"2"	"4"	"10.25"	"246"	"0.0833333"	"2"	"71"	"0"	"0"	"0"	"0"	"0"	"0"	"0"	"0"	"0"	"1"	"0"	"67"	"9.75"	"234"	"0.5"	"12"	"70"	"10.3333"	"248"	"0.0833333"	"2"	"0"
"0"	"0"	"0"	"0"	"0"	"0"	"0"	"0"	"246"	"0"	"0"	"0"	"0"	"0"	"0"	"0"	"0"	"0"	"0"	"0"	"0"	"0"	"0"	"0"	"0"	"0"	"0"	"0"	"0"	"0"	"0"	"0"	"0"	"1"
"0"	"0"	"0"	"0"	"0"	"0"	"0"	"0"	"247"	"0"	"0"	"0"	"0"	"0"	"0"	"0"	"0"	"0"	"0"	"0"	"0"	"0"	"0"	"0"	"0"	"0"	"0"	"0"	"0"	"0"	"0"	"0"	"0"	"0"
"61"	"6"	"6"	"0"	"0"	"2"	"4"	"10.3333"	"248"	"0.0833333"	"2"	"70"	"0"	"0"	"0"	"0"	"0"	"0"	"0"	"0"	"0"	"0"	"0"	"71"	"10.25"	"246"	"0.0833333"	"2"	"66"	"10.4167"	"250"	"0.0833333"	"2"	"1"
"0"	"0"	"0"	"0"	"0"	"0"	"0"	"0"	"249"	"0"	"0"	"0"	"0"	"0"	"0"	"0"	"0"	"0"	"0"	"0"	"0"	"0"	"0"	"0"	"0"	"0"	"0"	"0"	"0"	"0"	"0"	"0"	"0"	"0"
"62"	"6"	"6"	"0"	"0"	"2"	"4"	"10.4167"	"250"	"0.0833333"	"2"	"66"	"0"	"0"	"0"	"0"	"0"	"0"	"0"	"0"	"0"	"0"	"0"	"70"	"10.3333"	"248"	"0.0833333"	"2"	"77"	"10.5"	"252"	"0.25"	"6"	"1"
"0"	"0"	"0"	"0"	"0"	"0"	"0"	"0"	"251"	"0"	"0"	"0"	"0"	"0"	"0"	"0"	"0"	"0"	"0"	"0"	"0"	"0"	"0"	"0"	"0"	"0"	"0"	"0"	"0"	"0"	"0"	"0"	"0"	"0"
"63"	"1"	"1"	"0"	"0"	"5"	"4"	"10.5"	"252"	"0.25"	"6"	"56"	"1"	"0"	"0"	"0"	"0"	"0"	"0"	"0"	"0"	"0"	"0"	"53"	"9.75"	"234"	"0.75"	"18"	"56"	"10.75"	"258"	"0.5"	"12"	"1"
"63"	"1"	"1"	"0"	"0"	"5"	"4"	"10.5"	"252"	"0.25"	"6"	"63"	"1"	"0"	"0"	"0"	"0"	"0"	"0"	"0"	"0"	"0"	"0"	"53"	"9.75"	"234"	"0.75"	"18"	"56"	"10.75"	"258"	"0.5"	"12"	"1"
"63"	"1"	"1"	"0"	"0"	"5"	"4"	"10.5"	"252"	"0.25"	"6"	"66"	"1"	"0"	"0"	"0"	"0"	"0"	"0"	"0"	"0"	"0"	"0"	"53"	"9.75"	"234"	"0.75"	"18"	"56"	"10.75"	"258"	"0.5"	"12"	"1"
"63"	"2"	"2"	"0"	"0"	"4"	"4"	"10.5"	"252"	"0.25"	"6"	"70"	"1"	"0"	"0"	"0"	"0"	"0"	"0"	"0"	"0"	"0"	"0"	"69"	"9.75"	"234"	"0.75"	"18"	"70"	"10.75"	"258"	"0.5"	"12"	"1"
"63"	"2"	"2"	"0"	"0"	"4"	"4"	"10.5"	"252"	"0.25"	"6"	"75"	"1"	"0"	"0"	"0"	"0"	"0"	"0"	"0"	"0"	"0"	"0"	"69"	"9.75"	"234"	"0.75"	"18"	"70"	"10.75"	"258"	"0.5"	"12"	"1"
"63"	"2"	"2"	"0"	"0"	"4"	"4"	"10.5"	"252"	"0.25"	"6"	"78"	"1"	"0"	"0"	"0"	"0"	"0"	"0"	"0"	"0"	"0"	"0"	"69"	"9.75"	"234"	"0.75"	"18"	"70"	"10.75"	"258"	"0.5"	"12"	"1"
"63"	"2"	"2"	"0"	"0"	"4"	"4"	"10.5"	"252"	"0.25"	"6"	"83"	"1"	"0"	"0"	"0"	"0"	"0"	"0"	"0"	"0"	"0"	"0"	"69"	"9.75"	"234"	"0.75"	"18"	"70"	"10.75"	"258"	"0.5"	"12"	"1"
"63"	"6"	"6"	"0"	"0"	"2"	"4"	"10.5"	"252"	"0.25"	"6"	"77"	"0"	"1"	"0"	"0"	"0"	"1"	"0"	"0"	"0"	"0"	"1"	"66"	"10.4167"	"250"	"0.0833333"	"2"	"77"	"10.75"	"258"	"0.25"	"6"	"0"
"0"	"0"	"0"	"0"	"0"	"0"	"0"	"0"	"252"	"0"	"0"	"0"	"0"	"0"	"0"	"0"	"0"	"0"	"0"	"0"	"0"	"0"	"0"	"0"	"0"	"0"	"0"	"0"	"0"	"0"	"0"	"0"	"0"	"1"
"0"	"0"	"0"	"0"	"0"	"0"	"0"	"0"	"253"	"0"	"0"	"0"	"0"	"0"	"0"	"0"	"0"	"0"	"0"	"0"	"0"	"0"	"0"	"0"	"0"	"0"	"0"	"0"	"0"	"0"	"0"	"0"	"0"	"0"
"0"	"0"	"0"	"0"	"0"	"0"	"0"	"0"	"254"	"0"	"0"	"0"	"0"	"0"	"0"	"0"	"0"	"0"	"0"	"0"	"0"	"0"	"0"	"0"	"0"	"0"	"0"	"0"	"0"	"0"	"0"	"0"	"0"	"0"
"0"	"0"	"0"	"0"	"0"	"0"	"0"	"0"	"255"	"0"	"0"	"0"	"0"	"0"	"0"	"0"	"0"	"0"	"0"	"0"	"0"	"0"	"0"	"0"	"0"	"0"	"0"	"0"	"0"	"0"	"0"	"0"	"0"	"0"
"0"	"0"	"0"	"0"	"0"	"0"	"0"	"0"	"256"	"0"	"0"	"0"	"0"	"0"	"0"	"0"	"0"	"0"	"0"	"0"	"0"	"0"	"0"	"0"	"0"	"0"	"0"	"0"	"0"	"0"	"0"	"0"	"0"	"0"
"0"	"0"	"0"	"0"	"0"	"0"	"0"	"0"	"257"	"0"	"0"	"0"	"0"	"0"	"0"	"0"	"0"	"0"	"0"	"0"	"0"	"0"	"0"	"0"	"0"	"0"	"0"	"0"	"0"	"0"	"0"	"0"	"0"	"0"
"64"	"1"	"1"	"0"	"0"	"5"	"4"	"10.75"	"258"	"0.5"	"12"	"56"	"1"	"0"	"0"	"0"	"0"	"0"	"0"	"0"	"0"	"0"	"0"	"56"	"10.5"	"252"	"0.25"	"6"	"54"	"11.25"	"270"	"0.75"	"18"	"1"
"64"	"1"	"1"	"0"	"0"	"5"	"4"	"10.75"	"258"	"0.5"	"12"	"63"	"1"	"0"	"0"	"0"	"0"	"0"	"0"	"0"	"0"	"0"	"0"	"56"	"10.5"	"252"	"0.25"	"6"	"54"	"11.25"	"270"	"0.75"	"18"	"1"
"64"	"1"	"1"	"0"	"0"	"5"	"4"	"10.75"	"258"	"0.5"	"12"	"65"	"1"	"0"	"0"	"0"	"0"	"0"	"0"	"0"	"0"	"0"	"0"	"56"	"10.5"	"252"	"0.25"	"6"	"54"	"11.25"	"270"	"0.75"	"18"	"1"
"64"	"2"	"2"	"0"	"0"	"4"	"4"	"10.75"	"258"	"0.5"	"12"	"70"	"1"	"0"	"0"	"0"	"0"	"0"	"0"	"0"	"0"	"0"	"0"	"70"	"10.5"	"252"	"0.25"	"6"	"75"	"11.25"	"270"	"0.75"	"18"	"1"
"64"	"2"	"2"	"0"	"0"	"4"	"4"	"10.75"	"258"	"0.5"	"12"	"73"	"1"	"0"	"0"	"0"	"0"	"0"	"0"	"0"	"0"	"0"	"0"	"70"	"10.5"	"252"	"0.25"	"6"	"75"	"11.25"	"270"	"0.75"	"18"	"1"
"64"	"2"	"2"	"0"	"0"	"4"	"4"	"10.75"	"258"	"0.5"	"12"	"77"	"1"	"0"	"0"	"0"	"0"	"0"	"0"	"0"	"0"	"0"	"0"	"70"	"10.5"	"252"	"0.25"	"6"	"75"	"11.25"	"270"	"0.75"	"18"	"1"
"64"	"2"	"2"	"0"	"0"	"4"	"4"	"10.75"	"258"	"0.5"	"12"	"82"	"1"	"0"	"0"	"0"	"0"	"0"	"0"	"0"	"0"	"0"	"0"	"70"	"10.5"	"252"	"0.25"	"6"	"75"	"11.25"	"270"	"0.75"	"18"	"1"
"64"	"6"	"6"	"0"	"0"	"2"	"4"	"10.75"	"258"	"0.25"	"6"	"77"	"0"	"0"	"0"	"0"	"0"	"1"	"0"	"0"	"0"	"0"	"0"	"77"	"10.5"	"252"	"0.25"	"6"	"80"	"12.25"	"294"	"0.25"	"6"	"0"
"0"	"0"	"0"	"0"	"0"	"0"	"0"	"0"	"258"	"0"	"0"	"0"	"0"	"0"	"0"	"0"	"0"	"0"	"0"	"0"	"0"	"0"	"0"	"0"	"0"	"0"	"0"	"0"	"0"	"0"	"0"	"0"	"0"	"1"
"0"	"0"	"0"	"0"	"0"	"0"	"0"	"0"	"259"	"0"	"0"	"0"	"0"	"0"	"0"	"0"	"0"	"0"	"0"	"0"	"0"	"0"	"0"	"0"	"0"	"0"	"0"	"0"	"0"	"0"	"0"	"0"	"0"	"0"
"0"	"0"	"0"	"0"	"0"	"0"	"0"	"0"	"260"	"0"	"0"	"0"	"0"	"0"	"0"	"0"	"0"	"0"	"0"	"0"	"0"	"0"	"0"	"0"	"0"	"0"	"0"	"0"	"0"	"0"	"0"	"0"	"0"	"0"
"0"	"0"	"0"	"0"	"0"	"0"	"0"	"0"	"261"	"0"	"0"	"0"	"0"	"0"	"0"	"0"	"0"	"0"	"0"	"0"	"0"	"0"	"0"	"0"	"0"	"0"	"0"	"0"	"0"	"0"	"0"	"0"	"0"	"0"
"0"	"0"	"0"	"0"	"0"	"0"	"0"	"0"	"262"	"0"	"0"	"0"	"0"	"0"	"0"	"0"	"0"	"0"	"0"	"0"	"0"	"0"	"0"	"0"	"0"	"0"	"0"	"0"	"0"	"0"	"0"	"0"	"0"	"0"
"0"	"0"	"0"	"0"	"0"	"0"	"0"	"0"	"263"	"0"	"0"	"0"	"0"	"0"	"0"	"0"	"0"	"0"	"0"	"0"	"0"	"0"	"0"	"0"	"0"	"0"	"0"	"0"	"0"	"0"	"0"	"0"	"0"	"0"
"65"	"4"	"4"	"0"	"0"	"3"	"4"	"11"	"264"	"2"	"48"	"66"	"1"	"0"	"0"	"0"	"0"	"0"	"0"	"0"	"0"	"0"	"0"	"62"	"9"	"216"	"2"	"48"	"58"	"13"	"312"	"0.5"	"12"	"1"
"65"	"4"	"4"	"0"	"0"	"3"	"4"	"11"	"264"	"2"	"48"	"70"	"1"	"0"	"0"	"0"	"0"	"0"	"0"	"0"	"0"	"0"	"0"	"62"	"9"	"216"	"2"	"48"	"58"	"13"	"312"	"0.5"	"12"	"1"
"0"	"0"	"0"	"0"	"0"	"0"	"0"	"0"	"265"	"0"	"0"	"0"	"0"	"0"	"0"	"0"	"0"	"0"	"0"	"0"	"0"	"0"	"0"	"0"	"0"	"0"	"0"	"0"	"0"	"0"	"0"	"0"	"0"	"0"
"0"	"0"	"0"	"0"	"0"	"0"	"0"	"0"	"266"	"0"	"0"	"0"	"0"	"0"	"0"	"0"	"0"	"0"	"0"	"0"	"0"	"0"	"0"	"0"	"0"	"0"	"0"	"0"	"0"	"0"	"0"	"0"	"0"	"0"
"0"	"0"	"0"	"0"	"0"	"0"	"0"	"0"	"267"	"0"	"0"	"0"	"0"	"0"	"0"	"0"	"0"	"0"	"0"	"0"	"0"	"0"	"0"	"0"	"0"	"0"	"0"	"0"	"0"	"0"	"0"	"0"	"0"	"0"
"0"	"0"	"0"	"0"	"0"	"0"	"0"	"0"	"268"	"0"	"0"	"0"	"0"	"0"	"0"	"0"	"0"	"0"	"0"	"0"	"0"	"0"	"0"	"0"	"0"	"0"	"0"	"0"	"0"	"0"	"0"	"0"	"0"	"0"
"0"	"0"	"0"	"0"	"0"	"0"	"0"	"0"	"269"	"0"	"0"	"0"	"0"	"0"	"0"	"0"	"0"	"0"	"0"	"0"	"0"	"0"	"0"	"0"	"0"	"0"	"0"	"0"	"0"	"0"	"0"	"0"	"0"	"0"
"66"	"1"	"1"	"0"	"0"	"5"	"4"	"11.25"	"270"	"0.75"	"18"	"54"	"1"	"0"	"0"	"0"	"0"	"0"	"0"	"0"	"0"	"0"	"0"	"56"	"10.75"	"258"	"0.5"	"12"	"54"	"12"	"288"	"1"	"24"	"1"
"66"	"1"	"1"	"0"	"0"	"5"	"4"	"11.25"	"270"	"0.75"	"18"	"61"	"1"	"0"	"0"	"0"	"0"	"0"	"0"	"0"	"0"	"0"	"0"	"56"	"10.75"	"258"	"0.5"	"12"	"54"	"12"	"288"	"1"	"24"	"1"
"66"	"1"	"1"	"0"	"0"	"5"	"4"	"11.25"	"270"	"0.75"	"18"	"68"	"1"	"0"	"0"	"0"	"0"	"0"	"0"	"0"	"0"	"0"	"0"	"56"	"10.75"	"258"	"0.5"	"12"	"54"	"12"	"288"	"1"	"24"	"1"
"66"	"2"	"2"	"0"	"0"	"4"	"4"	"11.25"	"270"	"0.75"	"18"	"75"	"1"	"0"	"0"	"0"	"0"	"0"	"0"	"0"	"0"	"0"	"0"	"70"	"10.75"	"258"	"0.5"	"12"	"74"	"12"	"288"	"1"	"24"	"1"
"66"	"2"	"2"	"0"	"0"	"4"	"4"	"11.25"	"270"	"0.75"	"18"	"80"	"1"	"0"	"0"	"0"	"0"	"0"	"0"	"0"	"0"	"0"	"0"	"70"	"10.75"	"258"	"0.5"	"12"	"74"	"12"	"288"	"1"	"24"	"1"
"66"	"2"	"2"	"0"	"0"	"4"	"4"	"11.25"	"270"	"0.75"	"18"	"83"	"1"	"0"	"0"	"0"	"0"	"0"	"0"	"0"	"0"	"0"	"0"	"70"	"10.75"	"258"	"0.5"	"12"	"74"	"12"	"288"	"1"	"24"	"1"
"66"	"2"	"2"	"0"	"0"	"4"	"4"	"11.25"	"270"	"0.75"	"18"	"87"	"1"	"0"	"0"	"0"	"0"	"0"	"0"	"0"	"0"	"0"	"0"	"70"	"10.75"	"258"	"0.5"	"12"	"74"	"12"	"288"	"1"	"24"	"1"
"0"	"0"	"0"	"0"	"0"	"0"	"0"	"0"	"271"	"0"	"0"	"0"	"0"	"0"	"0"	"0"	"0"	"0"	"0"	"0"	"0"	"0"	"0"	"0"	"0"	"0"	"0"	"0"	"0"	"0"	"0"	"0"	"0"	"0"
"0"	"0"	"0"	"0"	"0"	"0"	"0"	"0"	"272"	"0"	"0"	"0"	"0"	"0"	"0"	"0"	"0"	"0"	"0"	"0"	"0"	"0"	"0"	"0"	"0"	"0"	"0"	"0"	"0"	"0"	"0"	"0"	"0"	"0"
"0"	"0"	"0"	"0"	"0"	"0"	"0"	"0"	"273"	"0"	"0"	"0"	"0"	"0"	"0"	"0"	"0"	"0"	"0"	"0"	"0"	"0"	"0"	"0"	"0"	"0"	"0"	"0"	"0"	"0"	"0"	"0"	"0"	"0"
"0"	"0"	"0"	"0"	"0"	"0"	"0"	"0"	"274"	"0"	"0"	"0"	"0"	"0"	"0"	"0"	"0"	"0"	"0"	"0"	"0"	"0"	"0"	"0"	"0"	"0"	"0"	"0"	"0"	"0"	"0"	"0"	"0"	"0"
"0"	"0"	"0"	"0"	"0"	"0"	"0"	"0"	"275"	"0"	"0"	"0"	"0"	"0"	"0"	"0"	"0"	"0"	"0"	"0"	"0"	"0"	"0"	"0"	"0"	"0"	"0"	"0"	"0"	"0"	"0"	"0"	"0"	"0"
"0"	"0"	"0"	"0"	"0"	"0"	"0"	"0"	"276"	"0"	"0"	"0"	"0"	"0"	"0"	"0"	"0"	"0"	"0"	"0"	"0"	"0"	"0"	"0"	"0"	"0"	"0"	"0"	"0"	"0"	"0"	"0"	"0"	"0"
"0"	"0"	"0"	"0"	"0"	"0"	"0"	"0"	"277"	"0"	"0"	"0"	"0"	"0"	"0"	"0"	"0"	"0"	"0"	"0"	"0"	"0"	"0"	"0"	"0"	"0"	"0"	"0"	"0"	"0"	"0"	"0"	"0"	"0"
"0"	"0"	"0"	"0"	"0"	"0"	"0"	"0"	"278"	"0"	"0"	"0"	"0"	"0"	"0"	"0"	"0"	"0"	"0"	"0"	"0"	"0"	"0"	"0"	"0"	"0"	"0"	"0"	"0"	"0"	"0"	"0"	"0"	"0"
"0"	"0"	"0"	"0"	"0"	"0"	"0"	"0"	"279"	"0"	"0"	"0"	"0"	"0"	"0"	"0"	"0"	"0"	"0"	"0"	"0"	"0"	"0"	"0"	"0"	"0"	"0"	"0"	"0"	"0"	"0"	"0"	"0"	"0"
"0"	"0"	"0"	"0"	"0"	"0"	"0"	"0"	"280"	"0"	"0"	"0"	"0"	"0"	"0"	"0"	"0"	"0"	"0"	"0"	"0"	"0"	"0"	"0"	"0"	"0"	"0"	"0"	"0"	"0"	"0"	"0"	"0"	"0"
"0"	"0"	"0"	"0"	"0"	"0"	"0"	"0"	"281"	"0"	"0"	"0"	"0"	"0"	"0"	"0"	"0"	"0"	"0"	"0"	"0"	"0"	"0"	"0"	"0"	"0"	"0"	"0"	"0"	"0"	"0"	"0"	"0"	"0"
"0"	"0"	"0"	"0"	"0"	"0"	"0"	"0"	"282"	"0"	"0"	"0"	"0"	"0"	"0"	"0"	"0"	"0"	"0"	"0"	"0"	"0"	"0"	"0"	"0"	"0"	"0"	"0"	"0"	"0"	"0"	"0"	"0"	"0"
"0"	"0"	"0"	"0"	"0"	"0"	"0"	"0"	"283"	"0"	"0"	"0"	"0"	"0"	"0"	"0"	"0"	"0"	"0"	"0"	"0"	"0"	"0"	"0"	"0"	"0"	"0"	"0"	"0"	"0"	"0"	"0"	"0"	"0"
"0"	"0"	"0"	"0"	"0"	"0"	"0"	"0"	"284"	"0"	"0"	"0"	"0"	"0"	"0"	"0"	"0"	"0"	"0"	"0"	"0"	"0"	"0"	"0"	"0"	"0"	"0"	"0"	"0"	"0"	"0"	"0"	"0"	"0"
"0"	"0"	"0"	"0"	"0"	"0"	"0"	"0"	"285"	"0"	"0"	"0"	"0"	"0"	"0"	"0"	"0"	"0"	"0"	"0"	"0"	"0"	"0"	"0"	"0"	"0"	"0"	"0"	"0"	"0"	"0"	"0"	"0"	"0"
"0"	"0"	"0"	"0"	"0"	"0"	"0"	"0"	"286"	"0"	"0"	"0"	"0"	"0"	"0"	"0"	"0"	"0"	"0"	"0"	"0"	"0"	"0"	"0"	"0"	"0"	"0"	"0"	"0"	"0"	"0"	"0"	"0"	"0"
"0"	"0"	"0"	"0"	"0"	"0"	"0"	"0"	"287"	"0"	"0"	"0"	"0"	"0"	"0"	"0"	"0"	"0"	"0"	"0"	"0"	"0"	"0"	"0"	"0"	"0"	"0"	"0"	"0"	"0"	"0"	"0"	"0"	"0"
"68"	"1"	"1"	"0"	"0"	"5"	"5"	"12"	"288"	"1"	"24"	"54"	"1"	"0"	"0"	"0"	"0"	"0"	"0"	"0"	"0"	"0"	"0"	"54"	"11.25"	"270"	"0.75"	"18"	"57"	"13"	"312"	"2"	"48"	"1"
"68"	"1"	"1"	"0"	"0"	"5"	"5"	"12"	"288"	"1"	"24"	"61"	"1"	"0"	"0"	"0"	"0"	"0"	"0"	"0"	"0"	"0"	"0"	"54"	"11.25"	"270"	"0.75"	"18"	"57"	"13"	"312"	"2"	"48"	"1"
"68"	"1"	"1"	"0"	"0"	"5"	"5"	"12"	"288"	"1"	"24"	"70"	"1"	"0"	"0"	"0"	"0"	"0"	"0"	"0"	"0"	"0"	"0"	"54"	"11.25"	"270"	"0.75"	"18"	"57"	"13"	"312"	"2"	"48"	"1"
"68"	"2"	"2"	"0"	"0"	"4"	"5"	"12"	"288"	"1"	"24"	"74"	"1"	"0"	"0"	"0"	"0"	"0"	"0"	"0"	"0"	"0"	"0"	"75"	"11.25"	"270"	"0.75"	"18"	"73"	"13"	"312"	"2"	"48"	"1"
"68"	"2"	"2"	"0"	"0"	"4"	"5"	"12"	"288"	"1"	"24"	"77"	"1"	"0"	"0"	"0"	"0"	"0"	"0"	"0"	"0"	"0"	"0"	"75"	"11.25"	"270"	"0.75"	"18"	"73"	"13"	"312"	"2"	"48"	"1"
"68"	"2"	"2"	"0"	"0"	"4"	"5"	"12"	"288"	"1"	"24"	"82"	"1"	"0"	"0"	"0"	"0"	"0"	"0"	"0"	"0"	"0"	"0"	"75"	"11.25"	"270"	"0.75"	"18"	"73"	"13"	"312"	"2"	"48"	"1"
"68"	"2"	"2"	"0"	"0"	"4"	"5"	"12"	"288"	"1"	"24"	"86"	"1"	"0"	"0"	"0"	"0"	"0"	"0"	"0"	"0"	"0"	"0"	"75"	"11.25"	"270"	"0.75"	"18"	"73"	"13"	"312"	"2"	"48"	"1"
"68"	"7"	"7"	"0"	"0"	"1"	"5"	"12"	"288"	"0.125"	"3"	"85"	"0"	"0"	"0"	"0"	"0"	"0"	"0"	"0"	"0"	"1"	"0"	"95"	"9.875"	"237"	"0.125"	"3"	"91"	"12.125"	"291"	"0.125"	"3"	"0"
"0"	"0"	"0"	"0"	"0"	"0"	"0"	"0"	"288"	"0"	"0"	"0"	"0"	"0"	"0"	"0"	"0"	"0"	"0"	"0"	"0"	"0"	"0"	"0"	"0"	"0"	"0"	"0"	"0"	"0"	"0"	"0"	"0"	"1"
"0"	"0"	"0"	"0"	"0"	"0"	"0"	"0"	"289"	"0"	"0"	"0"	"0"	"0"	"0"	"0"	"0"	"0"	"0"	"0"	"0"	"0"	"0"	"0"	"0"	"0"	"0"	"0"	"0"	"0"	"0"	"0"	"0"	"0"
"0"	"0"	"0"	"0"	"0"	"0"	"0"	"0"	"290"	"0"	"0"	"0"	"0"	"0"	"0"	"0"	"0"	"0"	"0"	"0"	"0"	"0"	"0"	"0"	"0"	"0"	"0"	"0"	"0"	"0"	"0"	"0"	"0"	"0"
"69"	"7"	"7"	"0"	"0"	"1"	"5"	"12.125"	"291"	"0.125"	"3"	"91"	"0"	"0"	"0"	"0"	"0"	"0"	"0"	"0"	"0"	"0"	"0"	"85"	"12"	"288"	"0.125"	"3"	"88"	"12.25"	"294"	"0.25"	"6"	"1"
"0"	"0"	"0"	"0"	"0"	"0"	"0"	"0"	"292"	"0"	"0"	"0"	"0"	"0"	"0"	"0"	"0"	"0"	"0"	"0"	"0"	"0"	"0"	"0"	"0"	"0"	"0"	"0"	"0"	"0"	"0"	"0"	"0"	"0"
"0"	"0"	"0"	"0"	"0"	"0"	"0"	"0"	"293"	"0"	"0"	"0"	"0"	"0"	"0"	"0"	"0"	"0"	"0"	"0"	"0"	"0"	"0"	"0"	"0"	"0"	"0"	"0"	"0"	"0"	"0"	"0"	"0"	"0"
"70"	"6"	"6"	"0"	"0"	"2"	"5"	"12.25"	"294"	"0.25"	"6"	"80"	"0"	"0"	"0"	"0"	"0"	"0"	"0"	"0"	"0"	"1"	"0"	"77"	"10.75"	"258"	"0.25"	"6"	"75"	"12.5"	"300"	"0.25"	"6"	"0"
"0"	"0"	"0"	"0"	"0"	"0"	"0"	"0"	"294"	"0"	"0"	"0"	"0"	"0"	"0"	"0"	"0"	"0"	"0"	"0"	"0"	"0"	"0"	"0"	"0"	"0"	"0"	"0"	"0"	"0"	"0"	"0"	"0"	"1"
"70"	"7"	"7"	"0"	"0"	"1"	"5"	"12.25"	"294"	"0.25"	"6"	"88"	"0"	"0"	"0"	"0"	"0"	"1"	"0"	"0"	"0"	"0"	"1"	"91"	"12.125"	"291"	"0.125"	"3"	"87"	"15.5"	"372"	"0.25"	"6"	"0"
"0"	"0"	"0"	"0"	"0"	"0"	"0"	"0"	"294"	"0"	"0"	"0"	"0"	"0"	"0"	"0"	"0"	"0"	"0"	"0"	"0"	"0"	"0"	"0"	"0"	"0"	"0"	"0"	"0"	"0"	"0"	"0"	"0"	"1"
"0"	"0"	"0"	"0"	"0"	"0"	"0"	"0"	"295"	"0"	"0"	"0"	"0"	"0"	"0"	"0"	"0"	"0"	"0"	"0"	"0"	"0"	"0"	"0"	"0"	"0"	"0"	"0"	"0"	"0"	"0"	"0"	"0"	"0"
"0"	"0"	"0"	"0"	"0"	"0"	"0"	"0"	"296"	"0"	"0"	"0"	"0"	"0"	"0"	"0"	"0"	"0"	"0"	"0"	"0"	"0"	"0"	"0"	"0"	"0"	"0"	"0"	"0"	"0"	"0"	"0"	"0"	"0"
"0"	"0"	"0"	"0"	"0"	"0"	"0"	"0"	"297"	"0"	"0"	"0"	"0"	"0"	"0"	"0"	"0"	"0"	"0"	"0"	"0"	"0"	"0"	"0"	"0"	"0"	"0"	"0"	"0"	"0"	"0"	"0"	"0"	"0"
"0"	"0"	"0"	"0"	"0"	"0"	"0"	"0"	"298"	"0"	"0"	"0"	"0"	"0"	"0"	"0"	"0"	"0"	"0"	"0"	"0"	"0"	"0"	"0"	"0"	"0"	"0"	"0"	"0"	"0"	"0"	"0"	"0"	"0"
"0"	"0"	"0"	"0"	"0"	"0"	"0"	"0"	"299"	"0"	"0"	"0"	"0"	"0"	"0"	"0"	"0"	"0"	"0"	"0"	"0"	"0"	"0"	"0"	"0"	"0"	"0"	"0"	"0"	"0"	"0"	"0"	"0"	"0"
"71"	"6"	"6"	"0"	"0"	"2"	"5"	"12.5"	"300"	"0.25"	"6"	"75"	"0"	"0"	"0"	"0"	"0"	"0"	"0"	"0"	"0"	"0"	"0"	"80"	"12.25"	"294"	"0.25"	"6"	"74"	"12.75"	"306"	"0.25"	"6"	"1"
"0"	"0"	"0"	"0"	"0"	"0"	"0"	"0"	"301"	"0"	"0"	"0"	"0"	"0"	"0"	"0"	"0"	"0"	"0"	"0"	"0"	"0"	"0"	"0"	"0"	"0"	"0"	"0"	"0"	"0"	"0"	"0"	"0"	"0"
"0"	"0"	"0"	"0"	"0"	"0"	"0"	"0"	"302"	"0"	"0"	"0"	"0"	"0"	"0"	"0"	"0"	"0"	"0"	"0"	"0"	"0"	"0"	"0"	"0"	"0"	"0"	"0"	"0"	"0"	"0"	"0"	"0"	"0"
"0"	"0"	"0"	"0"	"0"	"0"	"0"	"0"	"303"	"0"	"0"	"0"	"0"	"0"	"0"	"0"	"0"	"0"	"0"	"0"	"0"	"0"	"0"	"0"	"0"	"0"	"0"	"0"	"0"	"0"	"0"	"0"	"0"	"0"
"0"	"0"	"0"	"0"	"0"	"0"	"0"	"0"	"304"	"0"	"0"	"0"	"0"	"0"	"0"	"0"	"0"	"0"	"0"	"0"	"0"	"0"	"0"	"0"	"0"	"0"	"0"	"0"	"0"	"0"	"0"	"0"	"0"	"0"
"0"	"0"	"0"	"0"	"0"	"0"	"0"	"0"	"305"	"0"	"0"	"0"	"0"	"0"	"0"	"0"	"0"	"0"	"0"	"0"	"0"	"0"	"0"	"0"	"0"	"0"	"0"	"0"	"0"	"0"	"0"	"0"	"0"	"0"
"72"	"6"	"6"	"0"	"0"	"2"	"5"	"12.75"	"306"	"0.25"	"6"	"74"	"0"	"0"	"0"	"0"	"0"	"0"	"0"	"0"	"0"	"0"	"0"	"75"	"12.5"	"300"	"0.25"	"6"	"69"	"13"	"312"	"0.25"	"6"	"1"
"0"	"0"	"0"	"0"	"0"	"0"	"0"	"0"	"307"	"0"	"0"	"0"	"0"	"0"	"0"	"0"	"0"	"0"	"0"	"0"	"0"	"0"	"0"	"0"	"0"	"0"	"0"	"0"	"0"	"0"	"0"	"0"	"0"	"0"
"0"	"0"	"0"	"0"	"0"	"0"	"0"	"0"	"308"	"0"	"0"	"0"	"0"	"0"	"0"	"0"	"0"	"0"	"0"	"0"	"0"	"0"	"0"	"0"	"0"	"0"	"0"	"0"	"0"	"0"	"0"	"0"	"0"	"0"
"0"	"0"	"0"	"0"	"0"	"0"	"0"	"0"	"309"	"0"	"0"	"0"	"0"	"0"	"0"	"0"	"0"	"0"	"0"	"0"	"0"	"0"	"0"	"0"	"0"	"0"	"0"	"0"	"0"	"0"	"0"	"0"	"0"	"0"
"0"	"0"	"0"	"0"	"0"	"0"	"0"	"0"	"310"	"0"	"0"	"0"	"0"	"0"	"0"	"0"	"0"	"0"	"0"	"0"	"0"	"0"	"0"	"0"	"0"	"0"	"0"	"0"	"0"	"0"	"0"	"0"	"0"	"0"
"0"	"0"	"0"	"0"	"0"	"0"	"0"	"0"	"311"	"0"	"0"	"0"	"0"	"0"	"0"	"0"	"0"	"0"	"0"	"0"	"0"	"0"	"0"	"0"	"0"	"0"	"0"	"0"	"0"	"0"	"0"	"0"	"0"	"0"
"73"	"1"	"1"	"0"	"0"	"5"	"5"	"13"	"312"	"2"	"48"	"57"	"1"	"0"	"0"	"0"	"0"	"0"	"0"	"0"	"0"	"0"	"0"	"54"	"12"	"288"	"1"	"24"	"58"	"15"	"360"	"1"	"24"	"1"
"73"	"1"	"1"	"0"	"0"	"5"	"5"	"13"	"312"	"2"	"48"	"60"	"1"	"0"	"0"	"0"	"0"	"0"	"0"	"0"	"0"	"0"	"0"	"54"	"12"	"288"	"1"	"24"	"58"	"15"	"360"	"1"	"24"	"1"
"73"	"1"	"1"	"0"	"0"	"5"	"5"	"13"	"312"	"2"	"48"	"62"	"1"	"0"	"0"	"0"	"0"	"0"	"0"	"0"	"0"	"0"	"0"	"54"	"12"	"288"	"1"	"24"	"58"	"15"	"360"	"1"	"24"	"1"
"73"	"1"	"1"	"0"	"0"	"5"	"5"	"13"	"312"	"2"	"48"	"66"	"1"	"0"	"0"	"0"	"0"	"0"	"0"	"0"	"0"	"0"	"0"	"54"	"12"	"288"	"1"	"24"	"58"	"15"	"360"	"1"	"24"	"1"
"73"	"1"	"1"	"0"	"0"	"5"	"5"	"13"	"312"	"2"	"48"	"70"	"1"	"0"	"0"	"0"	"0"	"0"	"0"	"0"	"0"	"0"	"0"	"54"	"12"	"288"	"1"	"24"	"58"	"15"	"360"	"1"	"24"	"1"
"73"	"2"	"2"	"0"	"0"	"4"	"5"	"13"	"312"	"2"	"48"	"73"	"1"	"0"	"0"	"0"	"0"	"0"	"0"	"0"	"0"	"0"	"0"	"74"	"12"	"288"	"1"	"24"	"72"	"15"	"360"	"1"	"24"	"1"
"73"	"2"	"2"	"0"	"0"	"4"	"5"	"13"	"312"	"2"	"48"	"78"	"1"	"0"	"0"	"0"	"0"	"0"	"0"	"0"	"0"	"0"	"0"	"74"	"12"	"288"	"1"	"24"	"72"	"15"	"360"	"1"	"24"	"1"
"73"	"2"	"2"	"0"	"0"	"4"	"5"	"13"	"312"	"2"	"48"	"82"	"1"	"0"	"0"	"0"	"0"	"0"	"0"	"0"	"0"	"0"	"0"	"74"	"12"	"288"	"1"	"24"	"72"	"15"	"360"	"1"	"24"	"1"
"73"	"2"	"2"	"0"	"0"	"4"	"5"	"13"	"312"	"2"	"48"	"85"	"1"	"0"	"0"	"0"	"0"	"0"	"0"	"0"	"0"	"0"	"0"	"74"	"12"	"288"	"1"	"24"	"72"	"15"	"360"	"1"	"24"	"1"
"73"	"4"	"4"	"0"	"0"	"3"	"5"	"13"	"312"	"0.5"	"12"	"58"	"1"	"0"	"0"	"0"	"0"	"0"	"0"	"0"	"0"	"1"	"0"	"66"	"11"	"264"	"2"	"48"	"60"	"13.5"	"324"	"0.5"	"12"	"0"
"0"	"0"	"0"	"0"	"0"	"0"	"0"	"0"	"312"	"0"	"0"	"0"	"0"	"0"	"0"	"0"	"0"	"0"	"0"	"0"	"0"	"0"	"0"	"0"	"0"	"0"	"0"	"0"	"0"	"0"	"0"	"0"	"0"	"1"
"73"	"4"	"4"	"0"	"0"	"3"	"5"	"13"	"312"	"0.5"	"12"	"63"	"1"	"0"	"0"	"0"	"0"	"0"	"0"	"0"	"0"	"1"	"0"	"66"	"11"	"264"	"2"	"48"	"60"	"13.5"	"324"	"0.5"	"12"	"0"
"0"	"0"	"0"	"0"	"0"	"0"	"0"	"0"	"312"	"0"	"0"	"0"	"0"	"0"	"0"	"0"	"0"	"0"	"0"	"0"	"0"	"0"	"0"	"0"	"0"	"0"	"0"	"0"	"0"	"0"	"0"	"0"	"0"	"1"
"73"	"6"	"6"	"0"	"0"	"2"	"5"	"13"	"312"	"0.25"	"6"	"69"	"0"	"0"	"0"	"0"	"0"	"0"	"0"	"0"	"0"	"0"	"1"	"74"	"12.75"	"306"	"0.25"	"6"	"68"	"14.25"	"342"	"0.25"	"6"	"0"
"0"	"0"	"0"	"0"	"0"	"0"	"0"	"0"	"312"	"0"	"0"	"0"	"0"	"0"	"0"	"0"	"0"	"0"	"0"	"0"	"0"	"0"	"0"	"0"	"0"	"0"	"0"	"0"	"0"	"0"	"0"	"0"	"0"	"1"
"0"	"0"	"0"	"0"	"0"	"0"	"0"	"0"	"313"	"0"	"0"	"0"	"0"	"0"	"0"	"0"	"0"	"0"	"0"	"0"	"0"	"0"	"0"	"0"	"0"	"0"	"0"	"0"	"0"	"0"	"0"	"0"	"0"	"0"
"0"	"0"	"0"	"0"	"0"	"0"	"0"	"0"	"314"	"0"	"0"	"0"	"0"	"0"	"0"	"0"	"0"	"0"	"0"	"0"	"0"	"0"	"0"	"0"	"0"	"0"	"0"	"0"	"0"	"0"	"0"	"0"	"0"	"0"
"0"	"0"	"0"	"0"	"0"	"0"	"0"	"0"	"315"	"0"	"0"	"0"	"0"	"0"	"0"	"0"	"0"	"0"	"0"	"0"	"0"	"0"	"0"	"0"	"0"	"0"	"0"	"0"	"0"	"0"	"0"	"0"	"0"	"0"
"0"	"0"	"0"	"0"	"0"	"0"	"0"	"0"	"316"	"0"	"0"	"0"	"0"	"0"	"0"	"0"	"0"	"0"	"0"	"0"	"0"	"0"	"0"	"0"	"0"	"0"	"0"	"0"	"0"	"0"	"0"	"0"	"0"	"0"
"0"	"0"	"0"	"0"	"0"	"0"	"0"	"0"	"317"	"0"	"0"	"0"	"0"	"0"	"0"	"0"	"0"	"0"	"0"	"0"	"0"	"0"	"0"	"0"	"0"	"0"	"0"	"0"	"0"	"0"	"0"	"0"	"0"	"0"
"0"	"0"	"0"	"0"	"0"	"0"	"0"	"0"	"318"	"0"	"0"	"0"	"0"	"0"	"0"	"0"	"0"	"0"	"0"	"0"	"0"	"0"	"0"	"0"	"0"	"0"	"0"	"0"	"0"	"0"	"0"	"0"	"0"	"0"
"0"	"0"	"0"	"0"	"0"	"0"	"0"	"0"	"319"	"0"	"0"	"0"	"0"	"0"	"0"	"0"	"0"	"0"	"0"	"0"	"0"	"0"	"0"	"0"	"0"	"0"	"0"	"0"	"0"	"0"	"0"	"0"	"0"	"0"
"0"	"0"	"0"	"0"	"0"	"0"	"0"	"0"	"320"	"0"	"0"	"0"	"0"	"0"	"0"	"0"	"0"	"0"	"0"	"0"	"0"	"0"	"0"	"0"	"0"	"0"	"0"	"0"	"0"	"0"	"0"	"0"	"0"	"0"
"0"	"0"	"0"	"0"	"0"	"0"	"0"	"0"	"321"	"0"	"0"	"0"	"0"	"0"	"0"	"0"	"0"	"0"	"0"	"0"	"0"	"0"	"0"	"0"	"0"	"0"	"0"	"0"	"0"	"0"	"0"	"0"	"0"	"0"
"0"	"0"	"0"	"0"	"0"	"0"	"0"	"0"	"322"	"0"	"0"	"0"	"0"	"0"	"0"	"0"	"0"	"0"	"0"	"0"	"0"	"0"	"0"	"0"	"0"	"0"	"0"	"0"	"0"	"0"	"0"	"0"	"0"	"0"
"0"	"0"	"0"	"0"	"0"	"0"	"0"	"0"	"323"	"0"	"0"	"0"	"0"	"0"	"0"	"0"	"0"	"0"	"0"	"0"	"0"	"0"	"0"	"0"	"0"	"0"	"0"	"0"	"0"	"0"	"0"	"0"	"0"	"0"
"75"	"4"	"4"	"0"	"0"	"3"	"5"	"13.5"	"324"	"0.5"	"12"	"60"	"1"	"0"	"0"	"0"	"0"	"0"	"0"	"0"	"0"	"0"	"0"	"58"	"13"	"312"	"0.5"	"12"	"64"	"14"	"336"	"1.5"	"36"	"1"
"75"	"4"	"4"	"0"	"0"	"3"	"5"	"13.5"	"324"	"0.5"	"12"	"65"	"1"	"0"	"0"	"0"	"0"	"0"	"0"	"0"	"0"	"0"	"0"	"58"	"13"	"312"	"0.5"	"12"	"64"	"14"	"336"	"1.5"	"36"	"1"
"0"	"0"	"0"	"0"	"0"	"0"	"0"	"0"	"325"	"0"	"0"	"0"	"0"	"0"	"0"	"0"	"0"	"0"	"0"	"0"	"0"	"0"	"0"	"0"	"0"	"0"	"0"	"0"	"0"	"0"	"0"	"0"	"0"	"0"
"0"	"0"	"0"	"0"	"0"	"0"	"0"	"0"	"326"	"0"	"0"	"0"	"0"	"0"	"0"	"0"	"0"	"0"	"0"	"0"	"0"	"0"	"0"	"0"	"0"	"0"	"0"	"0"	"0"	"0"	"0"	"0"	"0"	"0"
"0"	"0"	"0"	"0"	"0"	"0"	"0"	"0"	"327"	"0"	"0"	"0"	"0"	"0"	"0"	"0"	"0"	"0"	"0"	"0"	"0"	"0"	"0"	"0"	"0"	"0"	"0"	"0"	"0"	"0"	"0"	"0"	"0"	"0"
"0"	"0"	"0"	"0"	"0"	"0"	"0"	"0"	"328"	"0"	"0"	"0"	"0"	"0"	"0"	"0"	"0"	"0"	"0"	"0"	"0"	"0"	"0"	"0"	"0"	"0"	"0"	"0"	"0"	"0"	"0"	"0"	"0"	"0"
"0"	"0"	"0"	"0"	"0"	"0"	"0"	"0"	"329"	"0"	"0"	"0"	"0"	"0"	"0"	"0"	"0"	"0"	"0"	"0"	"0"	"0"	"0"	"0"	"0"	"0"	"0"	"0"	"0"	"0"	"0"	"0"	"0"	"0"
"0"	"0"	"0"	"0"	"0"	"0"	"0"	"0"	"330"	"0"	"0"	"0"	"0"	"0"	"0"	"0"	"0"	"0"	"0"	"0"	"0"	"0"	"0"	"0"	"0"	"0"	"0"	"0"	"0"	"0"	"0"	"0"	"0"	"0"
"0"	"0"	"0"	"0"	"0"	"0"	"0"	"0"	"331"	"0"	"0"	"0"	"0"	"0"	"0"	"0"	"0"	"0"	"0"	"0"	"0"	"0"	"0"	"0"	"0"	"0"	"0"	"0"	"0"	"0"	"0"	"0"	"0"	"0"
"0"	"0"	"0"	"0"	"0"	"0"	"0"	"0"	"332"	"0"	"0"	"0"	"0"	"0"	"0"	"0"	"0"	"0"	"0"	"0"	"0"	"0"	"0"	"0"	"0"	"0"	"0"	"0"	"0"	"0"	"0"	"0"	"0"	"0"
"0"	"0"	"0"	"0"	"0"	"0"	"0"	"0"	"333"	"0"	"0"	"0"	"0"	"0"	"0"	"0"	"0"	"0"	"0"	"0"	"0"	"0"	"0"	"0"	"0"	"0"	"0"	"0"	"0"	"0"	"0"	"0"	"0"	"0"
"0"	"0"	"0"	"0"	"0"	"0"	"0"	"0"	"334"	"0"	"0"	"0"	"0"	"0"	"0"	"0"	"0"	"0"	"0"	"0"	"0"	"0"	"0"	"0"	"0"	"0"	"0"	"0"	"0"	"0"	"0"	"0"	"0"	"0"
"0"	"0"	"0"	"0"	"0"	"0"	"0"	"0"	"335"	"0"	"0"	"0"	"0"	"0"	"0"	"0"	"0"	"0"	"0"	"0"	"0"	"0"	"0"	"0"	"0"	"0"	"0"	"0"	"0"	"0"	"0"	"0"	"0"	"0"
"76"	"4"	"4"	"0"	"0"	"3"	"5"	"14"	"336"	"1.5"	"36"	"64"	"1"	"0"	"0"	"0"	"0"	"0"	"0"	"0"	"0"	"0"	"1"	"60"	"13.5"	"324"	"0.5"	"12"	"62"	"15.5"	"372"	"0.5"	"12"	"0"
"0"	"0"	"0"	"0"	"0"	"0"	"0"	"0"	"336"	"0"	"0"	"0"	"0"	"0"	"0"	"0"	"0"	"0"	"0"	"0"	"0"	"0"	"0"	"0"	"0"	"0"	"0"	"0"	"0"	"0"	"0"	"0"	"0"	"1"
"76"	"4"	"4"	"0"	"0"	"3"	"5"	"14"	"336"	"1.5"	"36"	"69"	"1"	"0"	"0"	"0"	"0"	"0"	"0"	"0"	"0"	"0"	"1"	"60"	"13.5"	"324"	"0.5"	"12"	"62"	"15.5"	"372"	"0.5"	"12"	"0"
"0"	"0"	"0"	"0"	"0"	"0"	"0"	"0"	"336"	"0"	"0"	"0"	"0"	"0"	"0"	"0"	"0"	"0"	"0"	"0"	"0"	"0"	"0"	"0"	"0"	"0"	"0"	"0"	"0"	"0"	"0"	"0"	"0"	"1"
"0"	"0"	"0"	"0"	"0"	"0"	"0"	"0"	"337"	"0"	"0"	"0"	"0"	"0"	"0"	"0"	"0"	"0"	"0"	"0"	"0"	"0"	"0"	"0"	"0"	"0"	"0"	"0"	"0"	"0"	"0"	"0"	"0"	"0"
"0"	"0"	"0"	"0"	"0"	"0"	"0"	"0"	"338"	"0"	"0"	"0"	"0"	"0"	"0"	"0"	"0"	"0"	"0"	"0"	"0"	"0"	"0"	"0"	"0"	"0"	"0"	"0"	"0"	"0"	"0"	"0"	"0"	"0"
"0"	"0"	"0"	"0"	"0"	"0"	"0"	"0"	"339"	"0"	"0"	"0"	"0"	"0"	"0"	"0"	"0"	"0"	"0"	"0"	"0"	"0"	"0"	"0"	"0"	"0"	"0"	"0"	"0"	"0"	"0"	"0"	"0"	"0"
"0"	"0"	"0"	"0"	"0"	"0"	"0"	"0"	"340"	"0"	"0"	"0"	"0"	"0"	"0"	"0"	"0"	"0"	"0"	"0"	"0"	"0"	"0"	"0"	"0"	"0"	"0"	"0"	"0"	"0"	"0"	"0"	"0"	"0"
"0"	"0"	"0"	"0"	"0"	"0"	"0"	"0"	"341"	"0"	"0"	"0"	"0"	"0"	"0"	"0"	"0"	"0"	"0"	"0"	"0"	"0"	"0"	"0"	"0"	"0"	"0"	"0"	"0"	"0"	"0"	"0"	"0"	"0"
"77"	"6"	"6"	"0"	"0"	"2"	"5"	"14.25"	"342"	"0.25"	"6"	"68"	"0"	"0"	"0"	"0"	"0"	"0"	"0"	"0"	"0"	"1"	"0"	"69"	"13"	"312"	"0.25"	"6"	"78"	"14.5"	"348"	"0.25"	"6"	"0"
"0"	"0"	"0"	"0"	"0"	"0"	"0"	"0"	"342"	"0"	"0"	"0"	"0"	"0"	"0"	"0"	"0"	"0"	"0"	"0"	"0"	"0"	"0"	"0"	"0"	"0"	"0"	"0"	"0"	"0"	"0"	"0"	"0"	"1"
"0"	"0"	"0"	"0"	"0"	"0"	"0"	"0"	"343"	"0"	"0"	"0"	"0"	"0"	"0"	"0"	"0"	"0"	"0"	"0"	"0"	"0"	"0"	"0"	"0"	"0"	"0"	"0"	"0"	"0"	"0"	"0"	"0"	"0"
"0"	"0"	"0"	"0"	"0"	"0"	"0"	"0"	"344"	"0"	"0"	"0"	"0"	"0"	"0"	"0"	"0"	"0"	"0"	"0"	"0"	"0"	"0"	"0"	"0"	"0"	"0"	"0"	"0"	"0"	"0"	"0"	"0"	"0"
"0"	"0"	"0"	"0"	"0"	"0"	"0"	"0"	"345"	"0"	"0"	"0"	"0"	"0"	"0"	"0"	"0"	"0"	"0"	"0"	"0"	"0"	"0"	"0"	"0"	"0"	"0"	"0"	"0"	"0"	"0"	"0"	"0"	"0"
"0"	"0"	"0"	"0"	"0"	"0"	"0"	"0"	"346"	"0"	"0"	"0"	"0"	"0"	"0"	"0"	"0"	"0"	"0"	"0"	"0"	"0"	"0"	"0"	"0"	"0"	"0"	"0"	"0"	"0"	"0"	"0"	"0"	"0"
"0"	"0"	"0"	"0"	"0"	"0"	"0"	"0"	"347"	"0"	"0"	"0"	"0"	"0"	"0"	"0"	"0"	"0"	"0"	"0"	"0"	"0"	"0"	"0"	"0"	"0"	"0"	"0"	"0"	"0"	"0"	"0"	"0"	"0"
"78"	"6"	"6"	"0"	"0"	"2"	"5"	"14.5"	"348"	"0.25"	"6"	"78"	"0"	"0"	"0"	"0"	"0"	"0"	"0"	"0"	"0"	"0"	"0"	"68"	"14.25"	"342"	"0.25"	"6"	"77"	"14.75"	"354"	"0.25"	"6"	"1"
"0"	"0"	"0"	"0"	"0"	"0"	"0"	"0"	"349"	"0"	"0"	"0"	"0"	"0"	"0"	"0"	"0"	"0"	"0"	"0"	"0"	"0"	"0"	"0"	"0"	"0"	"0"	"0"	"0"	"0"	"0"	"0"	"0"	"0"
"0"	"0"	"0"	"0"	"0"	"0"	"0"	"0"	"350"	"0"	"0"	"0"	"0"	"0"	"0"	"0"	"0"	"0"	"0"	"0"	"0"	"0"	"0"	"0"	"0"	"0"	"0"	"0"	"0"	"0"	"0"	"0"	"0"	"0"
"0"	"0"	"0"	"0"	"0"	"0"	"0"	"0"	"351"	"0"	"0"	"0"	"0"	"0"	"0"	"0"	"0"	"0"	"0"	"0"	"0"	"0"	"0"	"0"	"0"	"0"	"0"	"0"	"0"	"0"	"0"	"0"	"0"	"0"
"0"	"0"	"0"	"0"	"0"	"0"	"0"	"0"	"352"	"0"	"0"	"0"	"0"	"0"	"0"	"0"	"0"	"0"	"0"	"0"	"0"	"0"	"0"	"0"	"0"	"0"	"0"	"0"	"0"	"0"	"0"	"0"	"0"	"0"
"0"	"0"	"0"	"0"	"0"	"0"	"0"	"0"	"353"	"0"	"0"	"0"	"0"	"0"	"0"	"0"	"0"	"0"	"0"	"0"	"0"	"0"	"0"	"0"	"0"	"0"	"0"	"0"	"0"	"0"	"0"	"0"	"0"	"0"
"79"	"6"	"6"	"0"	"0"	"2"	"5"	"14.75"	"354"	"0.25"	"6"	"77"	"0"	"0"	"0"	"0"	"0"	"0"	"0"	"0"	"0"	"0"	"0"	"78"	"14.5"	"348"	"0.25"	"6"	"71"	"15"	"360"	"0.25"	"6"	"1"
"0"	"0"	"0"	"0"	"0"	"0"	"0"	"0"	"355"	"0"	"0"	"0"	"0"	"0"	"0"	"0"	"0"	"0"	"0"	"0"	"0"	"0"	"0"	"0"	"0"	"0"	"0"	"0"	"0"	"0"	"0"	"0"	"0"	"0"
"0"	"0"	"0"	"0"	"0"	"0"	"0"	"0"	"356"	"0"	"0"	"0"	"0"	"0"	"0"	"0"	"0"	"0"	"0"	"0"	"0"	"0"	"0"	"0"	"0"	"0"	"0"	"0"	"0"	"0"	"0"	"0"	"0"	"0"
"0"	"0"	"0"	"0"	"0"	"0"	"0"	"0"	"357"	"0"	"0"	"0"	"0"	"0"	"0"	"0"	"0"	"0"	"0"	"0"	"0"	"0"	"0"	"0"	"0"	"0"	"0"	"0"	"0"	"0"	"0"	"0"	"0"	"0"
"0"	"0"	"0"	"0"	"0"	"0"	"0"	"0"	"358"	"0"	"0"	"0"	"0"	"0"	"0"	"0"	"0"	"0"	"0"	"0"	"0"	"0"	"0"	"0"	"0"	"0"	"0"	"0"	"0"	"0"	"0"	"0"	"0"	"0"
"0"	"0"	"0"	"0"	"0"	"0"	"0"	"0"	"359"	"0"	"0"	"0"	"0"	"0"	"0"	"0"	"0"	"0"	"0"	"0"	"0"	"0"	"0"	"0"	"0"	"0"	"0"	"0"	"0"	"0"	"0"	"0"	"0"	"0"
"81"	"1"	"1"	"0"	"0"	"5"	"6"	"15"	"360"	"1"	"24"	"58"	"1"	"0"	"0"	"0"	"0"	"0"	"0"	"0"	"0"	"0"	"0"	"57"	"13"	"312"	"2"	"48"	"60"	"16"	"384"	"1"	"24"	"1"
"81"	"1"	"1"	"0"	"0"	"5"	"6"	"15"	"360"	"1"	"24"	"61"	"1"	"0"	"0"	"0"	"0"	"0"	"0"	"0"	"0"	"0"	"0"	"57"	"13"	"312"	"2"	"48"	"60"	"16"	"384"	"1"	"24"	"1"
"81"	"1"	"1"	"0"	"0"	"5"	"6"	"15"	"360"	"1"	"24"	"64"	"1"	"0"	"0"	"0"	"0"	"0"	"0"	"0"	"0"	"0"	"0"	"57"	"13"	"312"	"2"	"48"	"60"	"16"	"384"	"1"	"24"	"1"
"81"	"1"	"1"	"0"	"0"	"5"	"6"	"15"	"360"	"1"	"24"	"68"	"1"	"0"	"0"	"0"	"0"	"0"	"0"	"0"	"0"	"0"	"0"	"57"	"13"	"312"	"2"	"48"	"60"	"16"	"384"	"1"	"24"	"1"
"81"	"2"	"2"	"0"	"0"	"4"	"6"	"15"	"360"	"1"	"24"	"72"	"1"	"0"	"0"	"0"	"0"	"0"	"0"	"0"	"0"	"0"	"0"	"73"	"13"	"312"	"2"	"48"	"69"	"16"	"384"	"1"	"24"	"1"
"81"	"2"	"2"	"0"	"0"	"4"	"6"	"15"	"360"	"1"	"24"	"74"	"1"	"0"	"0"	"0"	"0"	"0"	"0"	"0"	"0"	"0"	"0"	"73"	"13"	"312"	"2"	"48"	"69"	"16"	"384"	"1"	"24"	"1"
"81"	"2"	"2"	"0"	"0"	"4"	"6"	"15"	"360"	"1"	"24"	"80"	"1"	"0"	"0"	"0"	"0"	"0"	"0"	"0"	"0"	"0"	"0"	"73"	"13"	"312"	"2"	"48"	"69"	"16"	"384"	"1"	"24"	"1"
"81"	"2"	"2"	"0"	"0"	"4"	"6"	"15"	"360"	"1"	"24"	"84"	"1"	"0"	"0"	"0"	"0"	"0"	"0"	"0"	"0"	"0"	"0"	"73"	"13"	"312"	"2"	"48"	"69"	"16"	"384"	"1"	"24"	"1"
"81"	"6"	"6"	"0"	"0"	"2"	"6"	"15"	"360"	"0.25"	"6"	"71"	"0"	"0"	"0"	"0"	"0"	"0"	"0"	"0"	"0"	"0"	"0"	"77"	"14.75"	"354"	"0.25"	"6"	"67"	"15.25"	"366"	"0.25"	"6"	"1"
"0"	"0"	"0"	"0"	"0"	"0"	"0"	"0"	"361"	"0"	"0"	"0"	"0"	"0"	"0"	"0"	"0"	"0"	"0"	"0"	"0"	"0"	"0"	"0"	"0"	"0"	"0"	"0"	"0"	"0"	"0"	"0"	"0"	"0"
"0"	"0"	"0"	"0"	"0"	"0"	"0"	"0"	"362"	"0"	"0"	"0"	"0"	"0"	"0"	"0"	"0"	"0"	"0"	"0"	"0"	"0"	"0"	"0"	"0"	"0"	"0"	"0"	"0"	"0"	"0"	"0"	"0"	"0"
"0"	"0"	"0"	"0"	"0"	"0"	"0"	"0"	"363"	"0"	"0"	"0"	"0"	"0"	"0"	"0"	"0"	"0"	"0"	"0"	"0"	"0"	"0"	"0"	"0"	"0"	"0"	"0"	"0"	"0"	"0"	"0"	"0"	"0"
"0"	"0"	"0"	"0"	"0"	"0"	"0"	"0"	"364"	"0"	"0"	"0"	"0"	"0"	"0"	"0"	"0"	"0"	"0"	"0"	"0"	"0"	"0"	"0"	"0"	"0"	"0"	"0"	"0"	"0"	"0"	"0"	"0"	"0"
"0"	"0"	"0"	"0"	"0"	"0"	"0"	"0"	"365"	"0"	"0"	"0"	"0"	"0"	"0"	"0"	"0"	"0"	"0"	"0"	"0"	"0"	"0"	"0"	"0"	"0"	"0"	"0"	"0"	"0"	"0"	"0"	"0"	"0"
"82"	"6"	"6"	"0"	"0"	"2"	"6"	"15.25"	"366"	"0.25"	"6"	"67"	"0"	"0"	"0"	"0"	"0"	"0"	"0"	"0"	"0"	"0"	"0"	"71"	"15"	"360"	"0.25"	"6"	"64"	"15.5"	"372"	"0.25"	"6"	"1"
"0"	"0"	"0"	"0"	"0"	"0"	"0"	"0"	"367"	"0"	"0"	"0"	"0"	"0"	"0"	"0"	"0"	"0"	"0"	"0"	"0"	"0"	"0"	"0"	"0"	"0"	"0"	"0"	"0"	"0"	"0"	"0"	"0"	"0"
"0"	"0"	"0"	"0"	"0"	"0"	"0"	"0"	"368"	"0"	"0"	"0"	"0"	"0"	"0"	"0"	"0"	"0"	"0"	"0"	"0"	"0"	"0"	"0"	"0"	"0"	"0"	"0"	"0"	"0"	"0"	"0"	"0"	"0"
"0"	"0"	"0"	"0"	"0"	"0"	"0"	"0"	"369"	"0"	"0"	"0"	"0"	"0"	"0"	"0"	"0"	"0"	"0"	"0"	"0"	"0"	"0"	"0"	"0"	"0"	"0"	"0"	"0"	"0"	"0"	"0"	"0"	"0"
"0"	"0"	"0"	"0"	"0"	"0"	"0"	"0"	"370"	"0"	"0"	"0"	"0"	"0"	"0"	"0"	"0"	"0"	"0"	"0"	"0"	"0"	"0"	"0"	"0"	"0"	"0"	"0"	"0"	"0"	"0"	"0"	"0"	"0"
"0"	"0"	"0"	"0"	"0"	"0"	"0"	"0"	"371"	"0"	"0"	"0"	"0"	"0"	"0"	"0"	"0"	"0"	"0"	"0"	"0"	"0"	"0"	"0"	"0"	"0"	"0"	"0"	"0"	"0"	"0"	"0"	"0"	"0"
"83"	"4"	"4"	"0"	"0"	"3"	"6"	"15.5"	"372"	"0.5"	"12"	"62"	"1"	"0"	"0"	"0"	"0"	"0"	"0"	"0"	"0"	"1"	"0"	"64"	"14"	"336"	"1.5"	"36"	"66"	"16"	"384"	"0.5"	"12"	"0"
"0"	"0"	"0"	"0"	"0"	"0"	"0"	"0"	"372"	"0"	"0"	"0"	"0"	"0"	"0"	"0"	"0"	"0"	"0"	"0"	"0"	"0"	"0"	"0"	"0"	"0"	"0"	"0"	"0"	"0"	"0"	"0"	"0"	"1"
"83"	"4"	"4"	"0"	"0"	"3"	"6"	"15.5"	"372"	"0.5"	"12"	"67"	"1"	"0"	"0"	"0"	"0"	"0"	"0"	"0"	"0"	"1"	"0"	"64"	"14"	"336"	"1.5"	"36"	"66"	"16"	"384"	"0.5"	"12"	"0"
"0"	"0"	"0"	"0"	"0"	"0"	"0"	"0"	"372"	"0"	"0"	"0"	"0"	"0"	"0"	"0"	"0"	"0"	"0"	"0"	"0"	"0"	"0"	"0"	"0"	"0"	"0"	"0"	"0"	"0"	"0"	"0"	"0"	"1"
"83"	"6"	"6"	"0"	"0"	"2"	"6"	"15.5"	"372"	"0.25"	"6"	"64"	"0"	"0"	"0"	"0"	"0"	"0"	"0"	"0"	"0"	"0"	"1"	"67"	"15.25"	"366"	"0.25"	"6"	"70"	"15.75"	"378"	"0.5"	"12"	"0"
"0"	"0"	"0"	"0"	"0"	"0"	"0"	"0"	"372"	"0"	"0"	"0"	"0"	"0"	"0"	"0"	"0"	"0"	"0"	"0"	"0"	"0"	"0"	"0"	"0"	"0"	"0"	"0"	"0"	"0"	"0"	"0"	"0"	"1"
"83"	"7"	"7"	"0"	"0"	"1"	"6"	"15.5"	"372"	"0.25"	"6"	"87"	"0"	"0"	"0"	"0"	"0"	"1"	"0"	"0"	"0"	"0"	"0"	"88"	"12.25"	"294"	"0.25"	"6"	"87"	"15.75"	"378"	"0.25"	"6"	"0"
"0"	"0"	"0"	"0"	"0"	"0"	"0"	"0"	"372"	"0"	"0"	"0"	"0"	"0"	"0"	"0"	"0"	"0"	"0"	"0"	"0"	"0"	"0"	"0"	"0"	"0"	"0"	"0"	"0"	"0"	"0"	"0"	"0"	"1"
"0"	"0"	"0"	"0"	"0"	"0"	"0"	"0"	"373"	"0"	"0"	"0"	"0"	"0"	"0"	"0"	"0"	"0"	"0"	"0"	"0"	"0"	"0"	"0"	"0"	"0"	"0"	"0"	"0"	"0"	"0"	"0"	"0"	"0"
"0"	"0"	"0"	"0"	"0"	"0"	"0"	"0"	"374"	"0"	"0"	"0"	"0"	"0"	"0"	"0"	"0"	"0"	"0"	"0"	"0"	"0"	"0"	"0"	"0"	"0"	"0"	"0"	"0"	"0"	"0"	"0"	"0"	"0"
"0"	"0"	"0"	"0"	"0"	"0"	"0"	"0"	"375"	"0"	"0"	"0"	"0"	"0"	"0"	"0"	"0"	"0"	"0"	"0"	"0"	"0"	"0"	"0"	"0"	"0"	"0"	"0"	"0"	"0"	"0"	"0"	"0"	"0"
"0"	"0"	"0"	"0"	"0"	"0"	"0"	"0"	"376"	"0"	"0"	"0"	"0"	"0"	"0"	"0"	"0"	"0"	"0"	"0"	"0"	"0"	"0"	"0"	"0"	"0"	"0"	"0"	"0"	"0"	"0"	"0"	"0"	"0"
"0"	"0"	"0"	"0"	"0"	"0"	"0"	"0"	"377"	"0"	"0"	"0"	"0"	"0"	"0"	"0"	"0"	"0"	"0"	"0"	"0"	"0"	"0"	"0"	"0"	"0"	"0"	"0"	"0"	"0"	"0"	"0"	"0"	"0"
"84"	"6"	"6"	"0"	"0"	"2"	"6"	"15.75"	"378"	"0.5"	"12"	"70"	"0"	"1"	"0"	"0"	"0"	"0"	"0"	"0"	"0"	"1"	"0"	"64"	"15.5"	"372"	"0.25"	"6"	"60"	"16.25"	"390"	"0.5"	"12"	"0"
"0"	"0"	"0"	"0"	"0"	"0"	"0"	"0"	"378"	"0"	"0"	"0"	"0"	"0"	"0"	"0"	"0"	"0"	"0"	"0"	"0"	"0"	"0"	"0"	"0"	"0"	"0"	"0"	"0"	"0"	"0"	"0"	"0"	"1"
"84"	"7"	"7"	"0"	"0"	"1"	"6"	"15.75"	"378"	"0.25"	"6"	"87"	"0"	"0"	"0"	"0"	"0"	"1"	"0"	"0"	"0"	"0"	"0"	"87"	"15.5"	"372"	"0.25"	"6"	"87"	"16"	"384"	"0.25"	"6"	"0"
"0"	"0"	"0"	"0"	"0"	"0"	"0"	"0"	"378"	"0"	"0"	"0"	"0"	"0"	"0"	"0"	"0"	"0"	"0"	"0"	"0"	"0"	"0"	"0"	"0"	"0"	"0"	"0"	"0"	"0"	"0"	"0"	"0"	"1"
"0"	"0"	"0"	"0"	"0"	"0"	"0"	"0"	"379"	"0"	"0"	"0"	"0"	"0"	"0"	"0"	"0"	"0"	"0"	"0"	"0"	"0"	"0"	"0"	"0"	"0"	"0"	"0"	"0"	"0"	"0"	"0"	"0"	"0"
"0"	"0"	"0"	"0"	"0"	"0"	"0"	"0"	"380"	"0"	"0"	"0"	"0"	"0"	"0"	"0"	"0"	"0"	"0"	"0"	"0"	"0"	"0"	"0"	"0"	"0"	"0"	"0"	"0"	"0"	"0"	"0"	"0"	"0"
"0"	"0"	"0"	"0"	"0"	"0"	"0"	"0"	"381"	"0"	"0"	"0"	"0"	"0"	"0"	"0"	"0"	"0"	"0"	"0"	"0"	"0"	"0"	"0"	"0"	"0"	"0"	"0"	"0"	"0"	"0"	"0"	"0"	"0"
"0"	"0"	"0"	"0"	"0"	"0"	"0"	"0"	"382"	"0"	"0"	"0"	"0"	"0"	"0"	"0"	"0"	"0"	"0"	"0"	"0"	"0"	"0"	"0"	"0"	"0"	"0"	"0"	"0"	"0"	"0"	"0"	"0"	"0"
"0"	"0"	"0"	"0"	"0"	"0"	"0"	"0"	"383"	"0"	"0"	"0"	"0"	"0"	"0"	"0"	"0"	"0"	"0"	"0"	"0"	"0"	"0"	"0"	"0"	"0"	"0"	"0"	"0"	"0"	"0"	"0"	"0"	"0"
"85"	"1"	"1"	"0"	"0"	"5"	"6"	"16"	"384"	"1"	"24"	"60"	"1"	"0"	"0"	"0"	"0"	"0"	"0"	"0"	"0"	"0"	"0"	"58"	"15"	"360"	"1"	"24"	"61"	"17"	"408"	"1"	"24"	"1"
"85"	"1"	"1"	"0"	"0"	"5"	"6"	"16"	"384"	"1"	"24"	"62"	"1"	"0"	"0"	"0"	"0"	"0"	"0"	"0"	"0"	"0"	"0"	"58"	"15"	"360"	"1"	"24"	"61"	"17"	"408"	"1"	"24"	"1"
"85"	"1"	"1"	"0"	"0"	"5"	"6"	"16"	"384"	"1"	"24"	"65"	"1"	"0"	"0"	"0"	"0"	"0"	"0"	"0"	"0"	"0"	"0"	"58"	"15"	"360"	"1"	"24"	"61"	"17"	"408"	"1"	"24"	"1"
"85"	"2"	"2"	"0"	"0"	"4"	"6"	"16"	"384"	"1"	"24"	"69"	"1"	"0"	"0"	"0"	"0"	"0"	"0"	"0"	"0"	"0"	"0"	"72"	"15"	"360"	"1"	"24"	"70"	"17"	"408"	"1"	"24"	"1"
"85"	"2"	"2"	"0"	"0"	"4"	"6"	"16"	"384"	"1"	"24"	"73"	"1"	"0"	"0"	"0"	"0"	"0"	"0"	"0"	"0"	"0"	"0"	"72"	"15"	"360"	"1"	"24"	"70"	"17"	"408"	"1"	"24"	"1"
"85"	"2"	"2"	"0"	"0"	"4"	"6"	"16"	"384"	"1"	"24"	"76"	"1"	"0"	"0"	"0"	"0"	"0"	"0"	"0"	"0"	"0"	"0"	"72"	"15"	"360"	"1"	"24"	"70"	"17"	"408"	"1"	"24"	"1"
"85"	"2"	"2"	"0"	"0"	"4"	"6"	"16"	"384"	"1"	"24"	"81"	"1"	"0"	"0"	"0"	"0"	"0"	"0"	"0"	"0"	"0"	"0"	"72"	"15"	"360"	"1"	"24"	"70"	"17"	"408"	"1"	"24"	"1"
"85"	"4"	"4"	"0"	"0"	"3"	"6"	"16"	"384"	"0.5"	"12"	"66"	"1"	"0"	"0"	"0"	"0"	"0"	"0"	"0"	"0"	"0"	"0"	"62"	"15.5"	"372"	"0.5"	"12"	"58"	"16.5"	"396"	"0.5"	"12"	"1"
"85"	"4"	"4"	"0"	"0"	"3"	"6"	"16"	"384"	"0.5"	"12"	"70"	"1"	"0"	"0"	"0"	"0"	"0"	"0"	"0"	"0"	"0"	"0"	"62"	"15.5"	"372"	"0.5"	"12"	"58"	"16.5"	"396"	"0.5"	"12"	"1"
"85"	"7"	"7"	"0"	"0"	"1"	"6"	"16"	"384"	"0.25"	"6"	"87"	"0"	"0"	"0"	"0"	"0"	"1"	"0"	"0"	"0"	"0"	"0"	"87"	"15.75"	"378"	"0.25"	"6"	"95"	"16.25"	"390"	"0.125"	"3"	"0"
"0"	"0"	"0"	"0"	"0"	"0"	"0"	"0"	"384"	"0"	"0"	"0"	"0"	"0"	"0"	"0"	"0"	"0"	"0"	"0"	"0"	"0"	"0"	"0"	"0"	"0"	"0"	"0"	"0"	"0"	"0"	"0"	"0"	"1"
"0"	"0"	"0"	"0"	"0"	"0"	"0"	"0"	"385"	"0"	"0"	"0"	"0"	"0"	"0"	"0"	"0"	"0"	"0"	"0"	"0"	"0"	"0"	"0"	"0"	"0"	"0"	"0"	"0"	"0"	"0"	"0"	"0"	"0"
"0"	"0"	"0"	"0"	"0"	"0"	"0"	"0"	"386"	"0"	"0"	"0"	"0"	"0"	"0"	"0"	"0"	"0"	"0"	"0"	"0"	"0"	"0"	"0"	"0"	"0"	"0"	"0"	"0"	"0"	"0"	"0"	"0"	"0"
"0"	"0"	"0"	"0"	"0"	"0"	"0"	"0"	"387"	"0"	"0"	"0"	"0"	"0"	"0"	"0"	"0"	"0"	"0"	"0"	"0"	"0"	"0"	"0"	"0"	"0"	"0"	"0"	"0"	"0"	"0"	"0"	"0"	"0"
"0"	"0"	"0"	"0"	"0"	"0"	"0"	"0"	"388"	"0"	"0"	"0"	"0"	"0"	"0"	"0"	"0"	"0"	"0"	"0"	"0"	"0"	"0"	"0"	"0"	"0"	"0"	"0"	"0"	"0"	"0"	"0"	"0"	"0"
"0"	"0"	"0"	"0"	"0"	"0"	"0"	"0"	"389"	"0"	"0"	"0"	"0"	"0"	"0"	"0"	"0"	"0"	"0"	"0"	"0"	"0"	"0"	"0"	"0"	"0"	"0"	"0"	"0"	"0"	"0"	"0"	"0"	"0"
"86"	"6"	"6"	"0"	"0"	"2"	"6"	"16.25"	"390"	"0.5"	"12"	"60"	"0"	"0"	"0"	"0"	"0"	"0"	"0"	"0"	"0"	"0"	"1"	"70"	"15.75"	"378"	"0.5"	"12"	"62"	"16.75"	"402"	"0.25"	"6"	"0"
"0"	"0"	"0"	"0"	"0"	"0"	"0"	"0"	"390"	"0"	"0"	"0"	"0"	"0"	"0"	"0"	"0"	"0"	"0"	"0"	"0"	"0"	"0"	"0"	"0"	"0"	"0"	"0"	"0"	"0"	"0"	"0"	"0"	"1"
"86"	"7"	"7"	"0"	"0"	"1"	"6"	"16.25"	"390"	"0.125"	"3"	"95"	"0"	"0"	"0"	"0"	"0"	"0"	"0"	"0"	"0"	"0"	"0"	"87"	"16"	"384"	"0.25"	"6"	"95"	"16.375"	"393"	"0.125"	"3"	"1"
"0"	"0"	"0"	"0"	"0"	"0"	"0"	"0"	"391"	"0"	"0"	"0"	"0"	"0"	"0"	"0"	"0"	"0"	"0"	"0"	"0"	"0"	"0"	"0"	"0"	"0"	"0"	"0"	"0"	"0"	"0"	"0"	"0"	"0"
"0"	"0"	"0"	"0"	"0"	"0"	"0"	"0"	"392"	"0"	"0"	"0"	"0"	"0"	"0"	"0"	"0"	"0"	"0"	"0"	"0"	"0"	"0"	"0"	"0"	"0"	"0"	"0"	"0"	"0"	"0"	"0"	"0"	"0"
"87"	"7"	"7"	"0"	"0"	"1"	"6"	"16.375"	"393"	"0.125"	"3"	"95"	"0"	"0"	"0"	"0"	"0"	"0"	"0"	"0"	"0"	"0"	"0"	"95"	"16.25"	"390"	"0.125"	"3"	"95"	"16.5"	"396"	"0.125"	"3"	"1"
"0"	"0"	"0"	"0"	"0"	"0"	"0"	"0"	"394"	"0"	"0"	"0"	"0"	"0"	"0"	"0"	"0"	"0"	"0"	"0"	"0"	"0"	"0"	"0"	"0"	"0"	"0"	"0"	"0"	"0"	"0"	"0"	"0"	"0"
"0"	"0"	"0"	"0"	"0"	"0"	"0"	"0"	"395"	"0"	"0"	"0"	"0"	"0"	"0"	"0"	"0"	"0"	"0"	"0"	"0"	"0"	"0"	"0"	"0"	"0"	"0"	"0"	"0"	"0"	"0"	"0"	"0"	"0"
"88"	"4"	"4"	"0"	"0"	"3"	"6"	"16.5"	"396"	"0.5"	"12"	"58"	"1"	"0"	"0"	"0"	"0"	"0"	"0"	"0"	"0"	"0"	"0"	"66"	"16"	"384"	"0.5"	"12"	"60"	"17"	"408"	"0.5"	"12"	"1"
"88"	"4"	"4"	"0"	"0"	"3"	"6"	"16.5"	"396"	"0.5"	"12"	"63"	"1"	"0"	"0"	"0"	"0"	"0"	"0"	"0"	"0"	"0"	"0"	"66"	"16"	"384"	"0.5"	"12"	"60"	"17"	"408"	"0.5"	"12"	"1"
"88"	"7"	"7"	"0"	"0"	"1"	"6"	"16.5"	"396"	"0.125"	"3"	"95"	"0"	"0"	"0"	"0"	"0"	"0"	"0"	"0"	"0"	"0"	"0"	"95"	"16.375"	"393"	"0.125"	"3"	"95"	"16.625"	"399"	"0.125"	"3"	"1"
"0"	"0"	"0"	"0"	"0"	"0"	"0"	"0"	"397"	"0"	"0"	"0"	"0"	"0"	"0"	"0"	"0"	"0"	"0"	"0"	"0"	"0"	"0"	"0"	"0"	"0"	"0"	"0"	"0"	"0"	"0"	"0"	"0"	"0"
"0"	"0"	"0"	"0"	"0"	"0"	"0"	"0"	"398"	"0"	"0"	"0"	"0"	"0"	"0"	"0"	"0"	"0"	"0"	"0"	"0"	"0"	"0"	"0"	"0"	"0"	"0"	"0"	"0"	"0"	"0"	"0"	"0"	"0"
"89"	"7"	"7"	"0"	"0"	"1"	"6"	"16.625"	"399"	"0.125"	"3"	"95"	"0"	"0"	"0"	"0"	"0"	"0"	"0"	"0"	"0"	"0"	"0"	"95"	"16.5"	"396"	"0.125"	"3"	"95"	"16.75"	"402"	"0.125"	"3"	"1"
"0"	"0"	"0"	"0"	"0"	"0"	"0"	"0"	"400"	"0"	"0"	"0"	"0"	"0"	"0"	"0"	"0"	"0"	"0"	"0"	"0"	"0"	"0"	"0"	"0"	"0"	"0"	"0"	"0"	"0"	"0"	"0"	"0"	"0"
"0"	"0"	"0"	"0"	"0"	"0"	"0"	"0"	"401"	"0"	"0"	"0"	"0"	"0"	"0"	"0"	"0"	"0"	"0"	"0"	"0"	"0"	"0"	"0"	"0"	"0"	"0"	"0"	"0"	"0"	"0"	"0"	"0"	"0"
"90"	"6"	"6"	"0"	"0"	"2"	"6"	"16.75"	"402"	"0.25"	"6"	"62"	"0"	"1"	"0"	"0"	"0"	"0"	"0"	"0"	"0"	"1"	"0"	"60"	"16.25"	"390"	"0.5"	"12"	"71"	"17"	"408"	"1"	"24"	"0"
"0"	"0"	"0"	"0"	"0"	"0"	"0"	"0"	"402"	"0"	"0"	"0"	"0"	"0"	"0"	"0"	"0"	"0"	"0"	"0"	"0"	"0"	"0"	"0"	"0"	"0"	"0"	"0"	"0"	"0"	"0"	"0"	"0"	"1"
"90"	"7"	"7"	"0"	"0"	"1"	"6"	"16.75"	"402"	"0.125"	"3"	"95"	"0"	"0"	"0"	"0"	"0"	"0"	"0"	"0"	"0"	"0"	"0"	"95"	"16.625"	"399"	"0.125"	"3"	"95"	"16.875"	"405"	"0.125"	"3"	"1"
"0"	"0"	"0"	"0"	"0"	"0"	"0"	"0"	"403"	"0"	"0"	"0"	"0"	"0"	"0"	"0"	"0"	"0"	"0"	"0"	"0"	"0"	"0"	"0"	"0"	"0"	"0"	"0"	"0"	"0"	"0"	"0"	"0"	"0"
"0"	"0"	"0"	"0"	"0"	"0"	"0"	"0"	"404"	"0"	"0"	"0"	"0"	"0"	"0"	"0"	"0"	"0"	"0"	"0"	"0"	"0"	"0"	"0"	"0"	"0"	"0"	"0"	"0"	"0"	"0"	"0"	"0"	"0"
"91"	"7"	"7"	"0"	"0"	"1"	"6"	"16.875"	"405"	"0.125"	"3"	"95"	"0"	"0"	"0"	"0"	"0"	"0"	"0"	"0"	"0"	"0"	"0"	"95"	"16.75"	"402"	"0.125"	"3"	"95"	"17"	"408"	"0.125"	"3"	"1"
"0"	"0"	"0"	"0"	"0"	"0"	"0"	"0"	"406"	"0"	"0"	"0"	"0"	"0"	"0"	"0"	"0"	"0"	"0"	"0"	"0"	"0"	"0"	"0"	"0"	"0"	"0"	"0"	"0"	"0"	"0"	"0"	"0"	"0"
"0"	"0"	"0"	"0"	"0"	"0"	"0"	"0"	"407"	"0"	"0"	"0"	"0"	"0"	"0"	"0"	"0"	"0"	"0"	"0"	"0"	"0"	"0"	"0"	"0"	"0"	"0"	"0"	"0"	"0"	"0"	"0"	"0"	"0"
"92"	"1"	"1"	"0"	"0"	"5"	"6"	"17"	"408"	"1"	"24"	"61"	"1"	"0"	"0"	"0"	"0"	"0"	"0"	"0"	"0"	"0"	"0"	"60"	"16"	"384"	"1"	"24"	"-1"	"-1"	"-1"	"-1"	"-1"	"1"
"92"	"1"	"1"	"0"	"0"	"5"	"6"	"17"	"408"	"1"	"24"	"62"	"1"	"0"	"0"	"0"	"0"	"0"	"0"	"0"	"0"	"0"	"0"	"60"	"16"	"384"	"1"	"24"	"-1"	"-1"	"-1"	"-1"	"-1"	"1"
"92"	"1"	"1"	"0"	"0"	"5"	"6"	"17"	"408"	"1"	"24"	"66"	"1"	"0"	"0"	"0"	"0"	"0"	"0"	"0"	"0"	"0"	"0"	"60"	"16"	"384"	"1"	"24"	"-1"	"-1"	"-1"	"-1"	"-1"	"1"
"92"	"2"	"2"	"0"	"0"	"4"	"6"	"17"	"408"	"1"	"24"	"70"	"1"	"0"	"0"	"0"	"0"	"0"	"0"	"0"	"0"	"0"	"0"	"69"	"16"	"384"	"1"	"24"	"-1"	"-1"	"-1"	"-1"	"-1"	"1"
"92"	"2"	"2"	"0"	"0"	"4"	"6"	"17"	"408"	"1"	"24"	"74"	"1"	"0"	"0"	"0"	"0"	"0"	"0"	"0"	"0"	"0"	"0"	"69"	"16"	"384"	"1"	"24"	"-1"	"-1"	"-1"	"-1"	"-1"	"1"
"92"	"2"	"2"	"0"	"0"	"4"	"6"	"17"	"408"	"1"	"24"	"77"	"1"	"0"	"0"	"0"	"0"	"0"	"0"	"0"	"0"	"0"	"0"	"69"	"16"	"384"	"1"	"24"	"-1"	"-1"	"-1"	"-1"	"-1"	"1"
"92"	"4"	"4"	"0"	"0"	"3"	"6"	"17"	"408"	"0.5"	"12"	"60"	"1"	"0"	"0"	"0"	"0"	"0"	"0"	"0"	"0"	"0"	"1"	"58"	"16.5"	"396"	"0.5"	"12"	"64"	"17.5"	"420"	"0.5"	"12"	"0"
"0"	"0"	"0"	"0"	"0"	"0"	"0"	"0"	"408"	"0"	"0"	"0"	"0"	"0"	"0"	"0"	"0"	"0"	"0"	"0"	"0"	"0"	"0"	"0"	"0"	"0"	"0"	"0"	"0"	"0"	"0"	"0"	"0"	"1"
"92"	"4"	"4"	"0"	"0"	"3"	"6"	"17"	"408"	"0.5"	"12"	"65"	"1"	"0"	"0"	"0"	"0"	"0"	"0"	"0"	"0"	"0"	"1"	"58"	"16.5"	"396"	"0.5"	"12"	"64"	"17.5"	"420"	"0.5"	"12"	"0"
"0"	"0"	"0"	"0"	"0"	"0"	"0"	"0"	"408"	"0"	"0"	"0"	"0"	"0"	"0"	"0"	"0"	"0"	"0"	"0"	"0"	"0"	"0"	"0"	"0"	"0"	"0"	"0"	"0"	"0"	"0"	"0"	"0"	"1"
"92"	"6"	"6"	"0"	"0"	"2"	"6"	"17"	"408"	"1"	"24"	"71"	"0"	"0"	"0"	"0"	"0"	"0"	"0"	"0"	"0"	"0"	"1"	"62"	"16.75"	"402"	"0.25"	"6"	"-1"	"-1"	"-1"	"-1"	"-1"	"0"
"0"	"0"	"0"	"0"	"0"	"0"	"0"	"0"	"408"	"0"	"0"	"0"	"0"	"0"	"0"	"0"	"0"	"0"	"0"	"0"	"0"	"0"	"0"	"0"	"0"	"0"	"0"	"0"	"0"	"0"	"0"	"0"	"0"	"1"
"92"	"7"	"7"	"0"	"0"	"1"	"6"	"17"	"408"	"0.125"	"3"	"95"	"0"	"0"	"0"	"0"	"0"	"0"	"0"	"0"	"0"	"0"	"0"	"95"	"16.875"	"405"	"0.125"	"3"	"95"	"17.125"	"411"	"0.125"	"3"	"1"
"0"	"0"	"0"	"0"	"0"	"0"	"0"	"0"	"409"	"0"	"0"	"0"	"0"	"0"	"0"	"0"	"0"	"0"	"0"	"0"	"0"	"0"	"0"	"0"	"0"	"0"	"0"	"0"	"0"	"0"	"0"	"0"	"0"	"0"
"0"	"0"	"0"	"0"	"0"	"0"	"0"	"0"	"410"	"0"	"0"	"0"	"0"	"0"	"0"	"0"	"0"	"0"	"0"	"0"	"0"	"0"	"0"	"0"	"0"	"0"	"0"	"0"	"0"	"0"	"0"	"0"	"0"	"0"
"93"	"7"	"7"	"0"	"0"	"1"	"6"	"17.125"	"411"	"0.125"	"3"	"95"	"0"	"0"	"0"	"0"	"0"	"0"	"0"	"0"	"0"	"0"	"0"	"95"	"17"	"408"	"0.125"	"3"	"-1"	"-1"	"-1"	"-1"	"-1"	"1"
"0"	"0"	"0"	"0"	"0"	"0"	"0"	"0"	"412"	"0"	"0"	"0"	"0"	"0"	"0"	"0"	"0"	"0"	"0"	"0"	"0"	"0"	"0"	"0"	"0"	"0"	"0"	"0"	"0"	"0"	"0"	"0"	"0"	"0"
"0"	"0"	"0"	"0"	"0"	"0"	"0"	"0"	"413"	"0"	"0"	"0"	"0"	"0"	"0"	"0"	"0"	"0"	"0"	"0"	"0"	"0"	"0"	"0"	"0"	"0"	"0"	"0"	"0"	"0"	"0"	"0"	"0"	"0"
"0"	"0"	"0"	"0"	"0"	"0"	"0"	"0"	"414"	"0"	"0"	"0"	"0"	"0"	"0"	"0"	"0"	"0"	"0"	"0"	"0"	"0"	"0"	"0"	"0"	"0"	"0"	"0"	"0"	"0"	"0"	"0"	"0"	"0"
"0"	"0"	"0"	"0"	"0"	"0"	"0"	"0"	"415"	"0"	"0"	"0"	"0"	"0"	"0"	"0"	"0"	"0"	"0"	"0"	"0"	"0"	"0"	"0"	"0"	"0"	"0"	"0"	"0"	"0"	"0"	"0"	"0"	"0"
"0"	"0"	"0"	"0"	"0"	"0"	"0"	"0"	"416"	"0"	"0"	"0"	"0"	"0"	"0"	"0"	"0"	"0"	"0"	"0"	"0"	"0"	"0"	"0"	"0"	"0"	"0"	"0"	"0"	"0"	"0"	"0"	"0"	"0"
"0"	"0"	"0"	"0"	"0"	"0"	"0"	"0"	"417"	"0"	"0"	"0"	"0"	"0"	"0"	"0"	"0"	"0"	"0"	"0"	"0"	"0"	"0"	"0"	"0"	"0"	"0"	"0"	"0"	"0"	"0"	"0"	"0"	"0"
"0"	"0"	"0"	"0"	"0"	"0"	"0"	"0"	"418"	"0"	"0"	"0"	"0"	"0"	"0"	"0"	"0"	"0"	"0"	"0"	"0"	"0"	"0"	"0"	"0"	"0"	"0"	"0"	"0"	"0"	"0"	"0"	"0"	"0"
"0"	"0"	"0"	"0"	"0"	"0"	"0"	"0"	"419"	"0"	"0"	"0"	"0"	"0"	"0"	"0"	"0"	"0"	"0"	"0"	"0"	"0"	"0"	"0"	"0"	"0"	"0"	"0"	"0"	"0"	"0"	"0"	"0"	"0"
"95"	"4"	"4"	"0"	"0"	"3"	"6"	"17.5"	"420"	"0.5"	"12"	"64"	"1"	"0"	"0"	"0"	"0"	"0"	"0"	"0"	"0"	"0"	"0"	"60"	"17"	"408"	"0.5"	"12"	"-1"	"-1"	"-1"	"-1"	"-1"	"1"
"95"	"4"	"4"	"0"	"0"	"3"	"6"	"17.5"	"420"	"0.5"	"12"	"69"	"1"	"0"	"0"	"0"	"0"	"0"	"0"	"0"	"0"	"0"	"0"	"60"	"17"	"408"	"0.5"	"12"	"-1"	"-1"	"-1"	"-1"	"-1"	"1"