line	field	track	subtrack	group	staff	measure	qstart	tstart	qdur	tdur	pitch	chord	accent	marcato	sforzando	tenuto	staccato	trill	mordent	turn	sslur	eslur	ppitch	pqstart	ptstart	pqdur	ptdur	npitch	nqstart	ntstart	nqdur	ntdur	note
"19"	"1"	"1"	"1"	"1"	"3"	"124"	"0"	"0"	"0.75"	"36"	"55"	"0"	"0"	"0"	"0"	"0"	"0"	"0"	"0"	"0"	"1"	"0"	"-1"	"-1"	"-1"	"-1"	"-1"	"59"	"0.75"	"36"	"0.25"	"12"	"0"
"0"	"0"	"0"	"0"	"1"	"0"	"0"	"0"	"0"	"0"	"0"	"0"	"0"	"0"	"0"	"0"	"0"	"0"	"0"	"0"	"0"	"0"	"0"	"0"	"0"	"0"	"0"	"0"	"0"	"0"	"0"	"0"	"0"	"1"
"19"	"2"	"1"	"2"	"1"	"3"	"124"	"0"	"0"	"0.166667"	"8"	"40"	"0"	"0"	"0"	"0"	"0"	"0"	"0"	"0"	"0"	"1"	"0"	"-1"	"-1"	"-1"	"-1"	"-1"	"52"	"0.166667"	"8"	"0.166667"	"8"	"0"
"0"	"0"	"0"	"0"	"1"	"0"	"0"	"0"	"0"	"0"	"0"	"0"	"0"	"0"	"0"	"0"	"0"	"0"	"0"	"0"	"0"	"0"	"0"	"0"	"0"	"0"	"0"	"0"	"0"	"0"	"0"	"0"	"0"	"1"
"0"	"0"	"0"	"0"	"0"	"0"	"0"	"0"	"1"	"0"	"0"	"0"	"0"	"0"	"0"	"0"	"0"	"0"	"0"	"0"	"0"	"0"	"0"	"0"	"0"	"0"	"0"	"0"	"0"	"0"	"0"	"0"	"0"	"0"
"0"	"0"	"0"	"0"	"0"	"0"	"0"	"0"	"2"	"0"	"0"	"0"	"0"	"0"	"0"	"0"	"0"	"0"	"0"	"0"	"0"	"0"	"0"	"0"	"0"	"0"	"0"	"0"	"0"	"0"	"0"	"0"	"0"	"0"
"0"	"0"	"0"	"0"	"0"	"0"	"0"	"0"	"3"	"0"	"0"	"0"	"0"	"0"	"0"	"0"	"0"	"0"	"0"	"0"	"0"	"0"	"0"	"0"	"0"	"0"	"0"	"0"	"0"	"0"	"0"	"0"	"0"	"0"
"0"	"0"	"0"	"0"	"0"	"0"	"0"	"0"	"4"	"0"	"0"	"0"	"0"	"0"	"0"	"0"	"0"	"0"	"0"	"0"	"0"	"0"	"0"	"0"	"0"	"0"	"0"	"0"	"0"	"0"	"0"	"0"	"0"	"0"
"0"	"0"	"0"	"0"	"0"	"0"	"0"	"0"	"5"	"0"	"0"	"0"	"0"	"0"	"0"	"0"	"0"	"0"	"0"	"0"	"0"	"0"	"0"	"0"	"0"	"0"	"0"	"0"	"0"	"0"	"0"	"0"	"0"	"0"
"0"	"0"	"0"	"0"	"0"	"0"	"0"	"0"	"6"	"0"	"0"	"0"	"0"	"0"	"0"	"0"	"0"	"0"	"0"	"0"	"0"	"0"	"0"	"0"	"0"	"0"	"0"	"0"	"0"	"0"	"0"	"0"	"0"	"0"
"0"	"0"	"0"	"0"	"0"	"0"	"0"	"0"	"7"	"0"	"0"	"0"	"0"	"0"	"0"	"0"	"0"	"0"	"0"	"0"	"0"	"0"	"0"	"0"	"0"	"0"	"0"	"0"	"0"	"0"	"0"	"0"	"0"	"0"
"20"	"2"	"1"	"2"	"1"	"3"	"124"	"0.166667"	"8"	"0.166667"	"8"	"52"	"0"	"0"	"0"	"0"	"0"	"0"	"0"	"0"	"0"	"0"	"0"	"40"	"0"	"0"	"0.166667"	"8"	"52"	"0.333333"	"16"	"0.166667"	"8"	"1"
"20"	"5"	"4"	"0"	"1"	"1"	"124"	"0.166667"	"8"	"0.166667"	"8"	"47"	"0"	"0"	"0"	"0"	"0"	"1"	"0"	"0"	"0"	"1"	"0"	"-1"	"-1"	"-1"	"-1"	"-1"	"47"	"0.333333"	"16"	"0.166667"	"8"	"0"
"0"	"0"	"0"	"0"	"1"	"0"	"0"	"0"	"8"	"0"	"0"	"0"	"0"	"0"	"0"	"0"	"0"	"0"	"0"	"0"	"0"	"0"	"0"	"0"	"0"	"0"	"0"	"0"	"0"	"0"	"0"	"0"	"0"	"1"
"0"	"0"	"0"	"0"	"0"	"0"	"0"	"0"	"9"	"0"	"0"	"0"	"0"	"0"	"0"	"0"	"0"	"0"	"0"	"0"	"0"	"0"	"0"	"0"	"0"	"0"	"0"	"0"	"0"	"0"	"0"	"0"	"0"	"0"
"0"	"0"	"0"	"0"	"0"	"0"	"0"	"0"	"10"	"0"	"0"	"0"	"0"	"0"	"0"	"0"	"0"	"0"	"0"	"0"	"0"	"0"	"0"	"0"	"0"	"0"	"0"	"0"	"0"	"0"	"0"	"0"	"0"	"0"
"0"	"0"	"0"	"0"	"0"	"0"	"0"	"0"	"11"	"0"	"0"	"0"	"0"	"0"	"0"	"0"	"0"	"0"	"0"	"0"	"0"	"0"	"0"	"0"	"0"	"0"	"0"	"0"	"0"	"0"	"0"	"0"	"0"	"0"
"0"	"0"	"0"	"0"	"0"	"0"	"0"	"0"	"12"	"0"	"0"	"0"	"0"	"0"	"0"	"0"	"0"	"0"	"0"	"0"	"0"	"0"	"0"	"0"	"0"	"0"	"0"	"0"	"0"	"0"	"0"	"0"	"0"	"0"
"0"	"0"	"0"	"0"	"0"	"0"	"0"	"0"	"13"	"0"	"0"	"0"	"0"	"0"	"0"	"0"	"0"	"0"	"0"	"0"	"0"	"0"	"0"	"0"	"0"	"0"	"0"	"0"	"0"	"0"	"0"	"0"	"0"	"0"
"0"	"0"	"0"	"0"	"0"	"0"	"0"	"0"	"14"	"0"	"0"	"0"	"0"	"0"	"0"	"0"	"0"	"0"	"0"	"0"	"0"	"0"	"0"	"0"	"0"	"0"	"0"	"0"	"0"	"0"	"0"	"0"	"0"	"0"
"0"	"0"	"0"	"0"	"0"	"0"	"0"	"0"	"15"	"0"	"0"	"0"	"0"	"0"	"0"	"0"	"0"	"0"	"0"	"0"	"0"	"0"	"0"	"0"	"0"	"0"	"0"	"0"	"0"	"0"	"0"	"0"	"0"	"0"
"21"	"2"	"1"	"2"	"1"	"3"	"124"	"0.333333"	"16"	"0.166667"	"8"	"52"	"1"	"0"	"0"	"0"	"0"	"0"	"0"	"0"	"0"	"0"	"1"	"52"	"0.166667"	"8"	"0.166667"	"8"	"40"	"1"	"48"	"0.166667"	"8"	"0"
"0"	"0"	"0"	"0"	"1"	"0"	"0"	"0"	"16"	"0"	"0"	"0"	"0"	"0"	"0"	"0"	"0"	"0"	"0"	"0"	"0"	"0"	"0"	"0"	"0"	"0"	"0"	"0"	"0"	"0"	"0"	"0"	"0"	"1"
"21"	"2"	"1"	"2"	"1"	"3"	"124"	"0.333333"	"16"	"0.166667"	"8"	"56"	"1"	"0"	"0"	"0"	"0"	"0"	"0"	"0"	"0"	"0"	"1"	"52"	"0.166667"	"8"	"0.166667"	"8"	"40"	"1"	"48"	"0.166667"	"8"	"0"
"0"	"0"	"0"	"0"	"1"	"0"	"0"	"0"	"16"	"0"	"0"	"0"	"0"	"0"	"0"	"0"	"0"	"0"	"0"	"0"	"0"	"0"	"0"	"0"	"0"	"0"	"0"	"0"	"0"	"0"	"0"	"0"	"0"	"1"
"21"	"5"	"4"	"0"	"1"	"1"	"124"	"0.333333"	"16"	"0.166667"	"8"	"47"	"1"	"0"	"0"	"0"	"0"	"1"	"0"	"0"	"0"	"0"	"0"	"47"	"0.166667"	"8"	"0.166667"	"8"	"47"	"0.5"	"24"	"0.166667"	"8"	"0"
"0"	"0"	"0"	"0"	"1"	"0"	"0"	"0"	"16"	"0"	"0"	"0"	"0"	"0"	"0"	"0"	"0"	"0"	"0"	"0"	"0"	"0"	"0"	"0"	"0"	"0"	"0"	"0"	"0"	"0"	"0"	"0"	"0"	"1"
"21"	"5"	"4"	"0"	"1"	"1"	"124"	"0.333333"	"16"	"0.166667"	"8"	"52"	"1"	"0"	"0"	"0"	"0"	"0"	"0"	"0"	"0"	"0"	"0"	"47"	"0.166667"	"8"	"0.166667"	"8"	"47"	"0.5"	"24"	"0.166667"	"8"	"1"
"0"	"0"	"0"	"0"	"0"	"0"	"0"	"0"	"17"	"0"	"0"	"0"	"0"	"0"	"0"	"0"	"0"	"0"	"0"	"0"	"0"	"0"	"0"	"0"	"0"	"0"	"0"	"0"	"0"	"0"	"0"	"0"	"0"	"0"
"0"	"0"	"0"	"0"	"0"	"0"	"0"	"0"	"18"	"0"	"0"	"0"	"0"	"0"	"0"	"0"	"0"	"0"	"0"	"0"	"0"	"0"	"0"	"0"	"0"	"0"	"0"	"0"	"0"	"0"	"0"	"0"	"0"	"0"
"0"	"0"	"0"	"0"	"0"	"0"	"0"	"0"	"19"	"0"	"0"	"0"	"0"	"0"	"0"	"0"	"0"	"0"	"0"	"0"	"0"	"0"	"0"	"0"	"0"	"0"	"0"	"0"	"0"	"0"	"0"	"0"	"0"	"0"
"0"	"0"	"0"	"0"	"0"	"0"	"0"	"0"	"20"	"0"	"0"	"0"	"0"	"0"	"0"	"0"	"0"	"0"	"0"	"0"	"0"	"0"	"0"	"0"	"0"	"0"	"0"	"0"	"0"	"0"	"0"	"0"	"0"	"0"
"0"	"0"	"0"	"0"	"0"	"0"	"0"	"0"	"21"	"0"	"0"	"0"	"0"	"0"	"0"	"0"	"0"	"0"	"0"	"0"	"0"	"0"	"0"	"0"	"0"	"0"	"0"	"0"	"0"	"0"	"0"	"0"	"0"	"0"
"0"	"0"	"0"	"0"	"0"	"0"	"0"	"0"	"22"	"0"	"0"	"0"	"0"	"0"	"0"	"0"	"0"	"0"	"0"	"0"	"0"	"0"	"0"	"0"	"0"	"0"	"0"	"0"	"0"	"0"	"0"	"0"	"0"	"0"
"0"	"0"	"0"	"0"	"0"	"0"	"0"	"0"	"23"	"0"	"0"	"0"	"0"	"0"	"0"	"0"	"0"	"0"	"0"	"0"	"0"	"0"	"0"	"0"	"0"	"0"	"0"	"0"	"0"	"0"	"0"	"0"	"0"	"0"
"22"	"5"	"4"	"0"	"1"	"1"	"124"	"0.5"	"24"	"0.166667"	"8"	"47"	"1"	"0"	"0"	"0"	"0"	"1"	"0"	"0"	"0"	"0"	"0"	"47"	"0.333333"	"16"	"0.166667"	"8"	"47"	"0.666667"	"32"	"0.166667"	"8"	"0"
"0"	"0"	"0"	"0"	"1"	"0"	"0"	"0"	"24"	"0"	"0"	"0"	"0"	"0"	"0"	"0"	"0"	"0"	"0"	"0"	"0"	"0"	"0"	"0"	"0"	"0"	"0"	"0"	"0"	"0"	"0"	"0"	"0"	"1"
"22"	"5"	"4"	"0"	"1"	"1"	"124"	"0.5"	"24"	"0.166667"	"8"	"52"	"1"	"0"	"0"	"0"	"0"	"0"	"0"	"0"	"0"	"0"	"0"	"47"	"0.333333"	"16"	"0.166667"	"8"	"47"	"0.666667"	"32"	"0.166667"	"8"	"1"
"0"	"0"	"0"	"0"	"0"	"0"	"0"	"0"	"25"	"0"	"0"	"0"	"0"	"0"	"0"	"0"	"0"	"0"	"0"	"0"	"0"	"0"	"0"	"0"	"0"	"0"	"0"	"0"	"0"	"0"	"0"	"0"	"0"	"0"
"0"	"0"	"0"	"0"	"0"	"0"	"0"	"0"	"26"	"0"	"0"	"0"	"0"	"0"	"0"	"0"	"0"	"0"	"0"	"0"	"0"	"0"	"0"	"0"	"0"	"0"	"0"	"0"	"0"	"0"	"0"	"0"	"0"	"0"
"0"	"0"	"0"	"0"	"0"	"0"	"0"	"0"	"27"	"0"	"0"	"0"	"0"	"0"	"0"	"0"	"0"	"0"	"0"	"0"	"0"	"0"	"0"	"0"	"0"	"0"	"0"	"0"	"0"	"0"	"0"	"0"	"0"	"0"
"0"	"0"	"0"	"0"	"0"	"0"	"0"	"0"	"28"	"0"	"0"	"0"	"0"	"0"	"0"	"0"	"0"	"0"	"0"	"0"	"0"	"0"	"0"	"0"	"0"	"0"	"0"	"0"	"0"	"0"	"0"	"0"	"0"	"0"
"0"	"0"	"0"	"0"	"0"	"0"	"0"	"0"	"29"	"0"	"0"	"0"	"0"	"0"	"0"	"0"	"0"	"0"	"0"	"0"	"0"	"0"	"0"	"0"	"0"	"0"	"0"	"0"	"0"	"0"	"0"	"0"	"0"	"0"
"0"	"0"	"0"	"0"	"0"	"0"	"0"	"0"	"30"	"0"	"0"	"0"	"0"	"0"	"0"	"0"	"0"	"0"	"0"	"0"	"0"	"0"	"0"	"0"	"0"	"0"	"0"	"0"	"0"	"0"	"0"	"0"	"0"	"0"
"0"	"0"	"0"	"0"	"0"	"0"	"0"	"0"	"31"	"0"	"0"	"0"	"0"	"0"	"0"	"0"	"0"	"0"	"0"	"0"	"0"	"0"	"0"	"0"	"0"	"0"	"0"	"0"	"0"	"0"	"0"	"0"	"0"	"0"
"23"	"5"	"4"	"0"	"1"	"1"	"124"	"0.666667"	"32"	"0.166667"	"8"	"47"	"1"	"0"	"0"	"0"	"0"	"1"	"0"	"0"	"0"	"0"	"1"	"47"	"0.5"	"24"	"0.166667"	"8"	"67"	"0.833333"	"40"	"0.166667"	"8"	"0"
"0"	"0"	"0"	"0"	"1"	"0"	"0"	"0"	"32"	"0"	"0"	"0"	"0"	"0"	"0"	"0"	"0"	"0"	"0"	"0"	"0"	"0"	"0"	"0"	"0"	"0"	"0"	"0"	"0"	"0"	"0"	"0"	"0"	"1"
"23"	"5"	"4"	"0"	"1"	"1"	"124"	"0.666667"	"32"	"0.166667"	"8"	"52"	"1"	"0"	"0"	"0"	"0"	"0"	"0"	"0"	"0"	"0"	"1"	"47"	"0.5"	"24"	"0.166667"	"8"	"67"	"0.833333"	"40"	"0.166667"	"8"	"0"
"0"	"0"	"0"	"0"	"1"	"0"	"0"	"0"	"32"	"0"	"0"	"0"	"0"	"0"	"0"	"0"	"0"	"0"	"0"	"0"	"0"	"0"	"0"	"0"	"0"	"0"	"0"	"0"	"0"	"0"	"0"	"0"	"0"	"1"
"0"	"0"	"0"	"0"	"0"	"0"	"0"	"0"	"33"	"0"	"0"	"0"	"0"	"0"	"0"	"0"	"0"	"0"	"0"	"0"	"0"	"0"	"0"	"0"	"0"	"0"	"0"	"0"	"0"	"0"	"0"	"0"	"0"	"0"
"0"	"0"	"0"	"0"	"0"	"0"	"0"	"0"	"34"	"0"	"0"	"0"	"0"	"0"	"0"	"0"	"0"	"0"	"0"	"0"	"0"	"0"	"0"	"0"	"0"	"0"	"0"	"0"	"0"	"0"	"0"	"0"	"0"	"0"
"0"	"0"	"0"	"0"	"0"	"0"	"0"	"0"	"35"	"0"	"0"	"0"	"0"	"0"	"0"	"0"	"0"	"0"	"0"	"0"	"0"	"0"	"0"	"0"	"0"	"0"	"0"	"0"	"0"	"0"	"0"	"0"	"0"	"0"
"24"	"1"	"1"	"1"	"1"	"3"	"124"	"0.75"	"36"	"0.25"	"12"	"59"	"0"	"0"	"0"	"0"	"0"	"0"	"0"	"0"	"0"	"0"	"1"	"55"	"0"	"0"	"0.75"	"36"	"40"	"1"	"48"	"0.166667"	"8"	"0"
"0"	"0"	"0"	"0"	"1"	"0"	"0"	"0"	"36"	"0"	"0"	"0"	"0"	"0"	"0"	"0"	"0"	"0"	"0"	"0"	"0"	"0"	"0"	"0"	"0"	"0"	"0"	"0"	"0"	"0"	"0"	"0"	"0"	"1"
"0"	"0"	"0"	"0"	"0"	"0"	"0"	"0"	"37"	"0"	"0"	"0"	"0"	"0"	"0"	"0"	"0"	"0"	"0"	"0"	"0"	"0"	"0"	"0"	"0"	"0"	"0"	"0"	"0"	"0"	"0"	"0"	"0"	"0"
"0"	"0"	"0"	"0"	"0"	"0"	"0"	"0"	"38"	"0"	"0"	"0"	"0"	"0"	"0"	"0"	"0"	"0"	"0"	"0"	"0"	"0"	"0"	"0"	"0"	"0"	"0"	"0"	"0"	"0"	"0"	"0"	"0"	"0"
"0"	"0"	"0"	"0"	"0"	"0"	"0"	"0"	"39"	"0"	"0"	"0"	"0"	"0"	"0"	"0"	"0"	"0"	"0"	"0"	"0"	"0"	"0"	"0"	"0"	"0"	"0"	"0"	"0"	"0"	"0"	"0"	"0"	"0"
"25"	"5"	"4"	"0"	"1"	"1"	"124"	"0.833333"	"40"	"0.166667"	"8"	"67"	"0"	"0"	"0"	"0"	"0"	"0"	"0"	"0"	"0"	"0"	"0"	"47"	"0.666667"	"32"	"0.166667"	"8"	"69"	"1"	"48"	"0.25"	"12"	"1"
"0"	"0"	"0"	"0"	"0"	"0"	"0"	"0"	"41"	"0"	"0"	"0"	"0"	"0"	"0"	"0"	"0"	"0"	"0"	"0"	"0"	"0"	"0"	"0"	"0"	"0"	"0"	"0"	"0"	"0"	"0"	"0"	"0"	"0"
"0"	"0"	"0"	"0"	"0"	"0"	"0"	"0"	"42"	"0"	"0"	"0"	"0"	"0"	"0"	"0"	"0"	"0"	"0"	"0"	"0"	"0"	"0"	"0"	"0"	"0"	"0"	"0"	"0"	"0"	"0"	"0"	"0"	"0"
"0"	"0"	"0"	"0"	"0"	"0"	"0"	"0"	"43"	"0"	"0"	"0"	"0"	"0"	"0"	"0"	"0"	"0"	"0"	"0"	"0"	"0"	"0"	"0"	"0"	"0"	"0"	"0"	"0"	"0"	"0"	"0"	"0"	"0"
"0"	"0"	"0"	"0"	"0"	"0"	"0"	"0"	"44"	"0"	"0"	"0"	"0"	"0"	"0"	"0"	"0"	"0"	"0"	"0"	"0"	"0"	"0"	"0"	"0"	"0"	"0"	"0"	"0"	"0"	"0"	"0"	"0"	"0"
"0"	"0"	"0"	"0"	"0"	"0"	"0"	"0"	"45"	"0"	"0"	"0"	"0"	"0"	"0"	"0"	"0"	"0"	"0"	"0"	"0"	"0"	"0"	"0"	"0"	"0"	"0"	"0"	"0"	"0"	"0"	"0"	"0"	"0"
"0"	"0"	"0"	"0"	"0"	"0"	"0"	"0"	"46"	"0"	"0"	"0"	"0"	"0"	"0"	"0"	"0"	"0"	"0"	"0"	"0"	"0"	"0"	"0"	"0"	"0"	"0"	"0"	"0"	"0"	"0"	"0"	"0"	"0"
"0"	"0"	"0"	"0"	"0"	"0"	"0"	"0"	"47"	"0"	"0"	"0"	"0"	"0"	"0"	"0"	"0"	"0"	"0"	"0"	"0"	"0"	"0"	"0"	"0"	"0"	"0"	"0"	"0"	"0"	"0"	"0"	"0"	"0"
"28"	"1"	"1"	"0"	"1"	"3"	"125"	"1"	"48"	"0.166667"	"8"	"40"	"0"	"0"	"0"	"0"	"0"	"0"	"0"	"0"	"0"	"1"	"0"	"59"	"0.75"	"36"	"0.25"	"12"	"52"	"1.16667"	"56"	"0.166667"	"8"	"0"
"0"	"0"	"0"	"0"	"1"	"0"	"0"	"0"	"48"	"0"	"0"	"0"	"0"	"0"	"0"	"0"	"0"	"0"	"0"	"0"	"0"	"0"	"0"	"0"	"0"	"0"	"0"	"0"	"0"	"0"	"0"	"0"	"0"	"1"
"28"	"2"	"2"	"0"	"2"	"2"	"125"	"1"	"48"	"0.0625"	"3"	"78"	"0"	"0"	"0"	"0"	"0"	"0"	"0"	"0"	"0"	"0"	"0"	"-1"	"-1"	"-1"	"-1"	"-1"	"76"	"1.0625"	"51"	"0.0625"	"3"	"1"
"28"	"4"	"4"	"0"	"1"	"1"	"125"	"1"	"48"	"0.25"	"12"	"69"	"0"	"0"	"0"	"0"	"0"	"0"	"0"	"0"	"0"	"1"	"0"	"67"	"0.833333"	"40"	"0.166667"	"8"	"67"	"1.25"	"60"	"0.25"	"12"	"0"
"0"	"0"	"0"	"0"	"1"	"0"	"0"	"0"	"48"	"0"	"0"	"0"	"0"	"0"	"0"	"0"	"0"	"0"	"0"	"0"	"0"	"0"	"0"	"0"	"0"	"0"	"0"	"0"	"0"	"0"	"0"	"0"	"0"	"1"
"0"	"0"	"0"	"0"	"0"	"0"	"0"	"0"	"49"	"0"	"0"	"0"	"0"	"0"	"0"	"0"	"0"	"0"	"0"	"0"	"0"	"0"	"0"	"0"	"0"	"0"	"0"	"0"	"0"	"0"	"0"	"0"	"0"	"0"
"0"	"0"	"0"	"0"	"0"	"0"	"0"	"0"	"50"	"0"	"0"	"0"	"0"	"0"	"0"	"0"	"0"	"0"	"0"	"0"	"0"	"0"	"0"	"0"	"0"	"0"	"0"	"0"	"0"	"0"	"0"	"0"	"0"	"0"
"29"	"2"	"2"	"0"	"2"	"2"	"125"	"1.0625"	"51"	"0.0625"	"3"	"76"	"0"	"0"	"0"	"0"	"0"	"0"	"0"	"0"	"0"	"0"	"0"	"78"	"1"	"48"	"0.0625"	"3"	"71"	"1.125"	"54"	"0.0625"	"3"	"1"
"0"	"0"	"0"	"0"	"0"	"0"	"0"	"0"	"52"	"0"	"0"	"0"	"0"	"0"	"0"	"0"	"0"	"0"	"0"	"0"	"0"	"0"	"0"	"0"	"0"	"0"	"0"	"0"	"0"	"0"	"0"	"0"	"0"	"0"
"0"	"0"	"0"	"0"	"0"	"0"	"0"	"0"	"53"	"0"	"0"	"0"	"0"	"0"	"0"	"0"	"0"	"0"	"0"	"0"	"0"	"0"	"0"	"0"	"0"	"0"	"0"	"0"	"0"	"0"	"0"	"0"	"0"	"0"
"30"	"2"	"2"	"0"	"2"	"2"	"125"	"1.125"	"54"	"0.0625"	"3"	"71"	"0"	"0"	"0"	"0"	"0"	"0"	"0"	"0"	"0"	"0"	"0"	"76"	"1.0625"	"51"	"0.0625"	"3"	"67"	"1.1875"	"57"	"0.0625"	"3"	"1"
"0"	"0"	"0"	"0"	"0"	"0"	"0"	"0"	"55"	"0"	"0"	"0"	"0"	"0"	"0"	"0"	"0"	"0"	"0"	"0"	"0"	"0"	"0"	"0"	"0"	"0"	"0"	"0"	"0"	"0"	"0"	"0"	"0"	"0"
"31"	"1"	"1"	"0"	"1"	"3"	"125"	"1.16667"	"56"	"0.166667"	"8"	"52"	"0"	"0"	"0"	"0"	"0"	"1"	"0"	"0"	"0"	"0"	"0"	"40"	"1"	"48"	"0.166667"	"8"	"52"	"1.33333"	"64"	"0.166667"	"8"	"0"
"0"	"0"	"0"	"0"	"1"	"0"	"0"	"0"	"56"	"0"	"0"	"0"	"0"	"0"	"0"	"0"	"0"	"0"	"0"	"0"	"0"	"0"	"0"	"0"	"0"	"0"	"0"	"0"	"0"	"0"	"0"	"0"	"0"	"1"
"32"	"2"	"2"	"0"	"2"	"2"	"125"	"1.1875"	"57"	"0.0625"	"3"	"67"	"0"	"0"	"0"	"0"	"0"	"0"	"0"	"0"	"0"	"0"	"0"	"71"	"1.125"	"54"	"0.0625"	"3"	"73"	"1.25"	"60"	"0.0625"	"3"	"1"
"0"	"0"	"0"	"0"	"0"	"0"	"0"	"0"	"58"	"0"	"0"	"0"	"0"	"0"	"0"	"0"	"0"	"0"	"0"	"0"	"0"	"0"	"0"	"0"	"0"	"0"	"0"	"0"	"0"	"0"	"0"	"0"	"0"	"0"
"0"	"0"	"0"	"0"	"0"	"0"	"0"	"0"	"59"	"0"	"0"	"0"	"0"	"0"	"0"	"0"	"0"	"0"	"0"	"0"	"0"	"0"	"0"	"0"	"0"	"0"	"0"	"0"	"0"	"0"	"0"	"0"	"0"	"0"
"33"	"2"	"2"	"0"	"2"	"2"	"125"	"1.25"	"60"	"0.0625"	"3"	"73"	"0"	"0"	"0"	"0"	"0"	"0"	"0"	"0"	"0"	"0"	"0"	"67"	"1.1875"	"57"	"0.0625"	"3"	"71"	"1.3125"	"63"	"0.0625"	"3"	"1"
"33"	"4"	"4"	"0"	"1"	"1"	"125"	"1.25"	"60"	"0.25"	"12"	"67"	"0"	"0"	"0"	"0"	"0"	"0"	"0"	"0"	"0"	"0"	"0"	"69"	"1"	"48"	"0.25"	"12"	"66"	"1.5"	"72"	"0.25"	"12"	"1"
"0"	"0"	"0"	"0"	"0"	"0"	"0"	"0"	"61"	"0"	"0"	"0"	"0"	"0"	"0"	"0"	"0"	"0"	"0"	"0"	"0"	"0"	"0"	"0"	"0"	"0"	"0"	"0"	"0"	"0"	"0"	"0"	"0"	"0"
"0"	"0"	"0"	"0"	"0"	"0"	"0"	"0"	"62"	"0"	"0"	"0"	"0"	"0"	"0"	"0"	"0"	"0"	"0"	"0"	"0"	"0"	"0"	"0"	"0"	"0"	"0"	"0"	"0"	"0"	"0"	"0"	"0"	"0"
"34"	"2"	"2"	"0"	"2"	"2"	"125"	"1.3125"	"63"	"0.0625"	"3"	"71"	"0"	"0"	"0"	"0"	"0"	"0"	"0"	"0"	"0"	"0"	"0"	"73"	"1.25"	"60"	"0.0625"	"3"	"67"	"1.375"	"66"	"0.0625"	"3"	"1"
"35"	"1"	"1"	"0"	"1"	"3"	"125"	"1.33333"	"64"	"0.166667"	"8"	"52"	"1"	"0"	"0"	"0"	"0"	"1"	"0"	"0"	"0"	"0"	"1"	"52"	"1.16667"	"56"	"0.166667"	"8"	"40"	"1.5"	"72"	"0.166667"	"8"	"0"
"0"	"0"	"0"	"0"	"1"	"0"	"0"	"0"	"64"	"0"	"0"	"0"	"0"	"0"	"0"	"0"	"0"	"0"	"0"	"0"	"0"	"0"	"0"	"0"	"0"	"0"	"0"	"0"	"0"	"0"	"0"	"0"	"0"	"1"
"35"	"1"	"1"	"0"	"1"	"3"	"125"	"1.33333"	"64"	"0.166667"	"8"	"55"	"1"	"0"	"0"	"0"	"0"	"0"	"0"	"0"	"0"	"0"	"1"	"52"	"1.16667"	"56"	"0.166667"	"8"	"40"	"1.5"	"72"	"0.166667"	"8"	"0"
"0"	"0"	"0"	"0"	"1"	"0"	"0"	"0"	"64"	"0"	"0"	"0"	"0"	"0"	"0"	"0"	"0"	"0"	"0"	"0"	"0"	"0"	"0"	"0"	"0"	"0"	"0"	"0"	"0"	"0"	"0"	"0"	"0"	"1"
"0"	"0"	"0"	"0"	"0"	"0"	"0"	"0"	"65"	"0"	"0"	"0"	"0"	"0"	"0"	"0"	"0"	"0"	"0"	"0"	"0"	"0"	"0"	"0"	"0"	"0"	"0"	"0"	"0"	"0"	"0"	"0"	"0"	"0"
"36"	"2"	"2"	"0"	"2"	"2"	"125"	"1.375"	"66"	"0.0625"	"3"	"67"	"0"	"0"	"0"	"0"	"0"	"0"	"0"	"0"	"0"	"0"	"0"	"71"	"1.3125"	"63"	"0.0625"	"3"	"64"	"1.4375"	"69"	"0.0625"	"3"	"1"
"0"	"0"	"0"	"0"	"0"	"0"	"0"	"0"	"67"	"0"	"0"	"0"	"0"	"0"	"0"	"0"	"0"	"0"	"0"	"0"	"0"	"0"	"0"	"0"	"0"	"0"	"0"	"0"	"0"	"0"	"0"	"0"	"0"	"0"
"0"	"0"	"0"	"0"	"0"	"0"	"0"	"0"	"68"	"0"	"0"	"0"	"0"	"0"	"0"	"0"	"0"	"0"	"0"	"0"	"0"	"0"	"0"	"0"	"0"	"0"	"0"	"0"	"0"	"0"	"0"	"0"	"0"	"0"
"37"	"2"	"2"	"0"	"2"	"2"	"125"	"1.4375"	"69"	"0.0625"	"3"	"64"	"0"	"0"	"0"	"0"	"0"	"0"	"0"	"0"	"0"	"0"	"0"	"67"	"1.375"	"66"	"0.0625"	"3"	"78"	"3"	"144"	"0.0625"	"3"	"1"
"0"	"0"	"0"	"0"	"0"	"0"	"0"	"0"	"70"	"0"	"0"	"0"	"0"	"0"	"0"	"0"	"0"	"0"	"0"	"0"	"0"	"0"	"0"	"0"	"0"	"0"	"0"	"0"	"0"	"0"	"0"	"0"	"0"	"0"
"0"	"0"	"0"	"0"	"0"	"0"	"0"	"0"	"71"	"0"	"0"	"0"	"0"	"0"	"0"	"0"	"0"	"0"	"0"	"0"	"0"	"0"	"0"	"0"	"0"	"0"	"0"	"0"	"0"	"0"	"0"	"0"	"0"	"0"
"38"	"1"	"1"	"0"	"1"	"3"	"125"	"1.5"	"72"	"0.166667"	"8"	"40"	"0"	"0"	"0"	"0"	"0"	"0"	"0"	"0"	"0"	"1"	"0"	"52"	"1.33333"	"64"	"0.166667"	"8"	"52"	"1.66667"	"80"	"0.166667"	"8"	"0"
"0"	"0"	"0"	"0"	"1"	"0"	"0"	"0"	"72"	"0"	"0"	"0"	"0"	"0"	"0"	"0"	"0"	"0"	"0"	"0"	"0"	"0"	"0"	"0"	"0"	"0"	"0"	"0"	"0"	"0"	"0"	"0"	"0"	"1"
"38"	"4"	"4"	"0"	"1"	"1"	"125"	"1.5"	"72"	"0.25"	"12"	"66"	"0"	"0"	"0"	"0"	"0"	"0"	"0"	"0"	"0"	"0"	"0"	"67"	"1.25"	"60"	"0.25"	"12"	"59"	"1.75"	"84"	"0.25"	"12"	"1"
"0"	"0"	"0"	"0"	"0"	"0"	"0"	"0"	"73"	"0"	"0"	"0"	"0"	"0"	"0"	"0"	"0"	"0"	"0"	"0"	"0"	"0"	"0"	"0"	"0"	"0"	"0"	"0"	"0"	"0"	"0"	"0"	"0"	"0"
"0"	"0"	"0"	"0"	"0"	"0"	"0"	"0"	"74"	"0"	"0"	"0"	"0"	"0"	"0"	"0"	"0"	"0"	"0"	"0"	"0"	"0"	"0"	"0"	"0"	"0"	"0"	"0"	"0"	"0"	"0"	"0"	"0"	"0"
"0"	"0"	"0"	"0"	"0"	"0"	"0"	"0"	"75"	"0"	"0"	"0"	"0"	"0"	"0"	"0"	"0"	"0"	"0"	"0"	"0"	"0"	"0"	"0"	"0"	"0"	"0"	"0"	"0"	"0"	"0"	"0"	"0"	"0"
"0"	"0"	"0"	"0"	"0"	"0"	"0"	"0"	"76"	"0"	"0"	"0"	"0"	"0"	"0"	"0"	"0"	"0"	"0"	"0"	"0"	"0"	"0"	"0"	"0"	"0"	"0"	"0"	"0"	"0"	"0"	"0"	"0"	"0"
"0"	"0"	"0"	"0"	"0"	"0"	"0"	"0"	"77"	"0"	"0"	"0"	"0"	"0"	"0"	"0"	"0"	"0"	"0"	"0"	"0"	"0"	"0"	"0"	"0"	"0"	"0"	"0"	"0"	"0"	"0"	"0"	"0"	"0"
"0"	"0"	"0"	"0"	"0"	"0"	"0"	"0"	"78"	"0"	"0"	"0"	"0"	"0"	"0"	"0"	"0"	"0"	"0"	"0"	"0"	"0"	"0"	"0"	"0"	"0"	"0"	"0"	"0"	"0"	"0"	"0"	"0"	"0"
"0"	"0"	"0"	"0"	"0"	"0"	"0"	"0"	"79"	"0"	"0"	"0"	"0"	"0"	"0"	"0"	"0"	"0"	"0"	"0"	"0"	"0"	"0"	"0"	"0"	"0"	"0"	"0"	"0"	"0"	"0"	"0"	"0"	"0"
"39"	"1"	"1"	"0"	"1"	"3"	"125"	"1.66667"	"80"	"0.166667"	"8"	"52"	"0"	"0"	"0"	"0"	"0"	"1"	"0"	"0"	"0"	"0"	"0"	"40"	"1.5"	"72"	"0.166667"	"8"	"52"	"1.83333"	"88"	"0.166667"	"8"	"0"
"0"	"0"	"0"	"0"	"1"	"0"	"0"	"0"	"80"	"0"	"0"	"0"	"0"	"0"	"0"	"0"	"0"	"0"	"0"	"0"	"0"	"0"	"0"	"0"	"0"	"0"	"0"	"0"	"0"	"0"	"0"	"0"	"0"	"1"
"0"	"0"	"0"	"0"	"0"	"0"	"0"	"0"	"81"	"0"	"0"	"0"	"0"	"0"	"0"	"0"	"0"	"0"	"0"	"0"	"0"	"0"	"0"	"0"	"0"	"0"	"0"	"0"	"0"	"0"	"0"	"0"	"0"	"0"
"0"	"0"	"0"	"0"	"0"	"0"	"0"	"0"	"82"	"0"	"0"	"0"	"0"	"0"	"0"	"0"	"0"	"0"	"0"	"0"	"0"	"0"	"0"	"0"	"0"	"0"	"0"	"0"	"0"	"0"	"0"	"0"	"0"	"0"
"0"	"0"	"0"	"0"	"0"	"0"	"0"	"0"	"83"	"0"	"0"	"0"	"0"	"0"	"0"	"0"	"0"	"0"	"0"	"0"	"0"	"0"	"0"	"0"	"0"	"0"	"0"	"0"	"0"	"0"	"0"	"0"	"0"	"0"
"40"	"4"	"4"	"0"	"1"	"1"	"125"	"1.75"	"84"	"0.25"	"12"	"59"	"0"	"0"	"0"	"0"	"0"	"0"	"0"	"0"	"0"	"0"	"1"	"66"	"1.5"	"72"	"0.25"	"12"	"64"	"2"	"96"	"0.75"	"36"	"0"
"0"	"0"	"0"	"0"	"1"	"0"	"0"	"0"	"84"	"0"	"0"	"0"	"0"	"0"	"0"	"0"	"0"	"0"	"0"	"0"	"0"	"0"	"0"	"0"	"0"	"0"	"0"	"0"	"0"	"0"	"0"	"0"	"0"	"1"
"0"	"0"	"0"	"0"	"0"	"0"	"0"	"0"	"85"	"0"	"0"	"0"	"0"	"0"	"0"	"0"	"0"	"0"	"0"	"0"	"0"	"0"	"0"	"0"	"0"	"0"	"0"	"0"	"0"	"0"	"0"	"0"	"0"	"0"
"0"	"0"	"0"	"0"	"0"	"0"	"0"	"0"	"86"	"0"	"0"	"0"	"0"	"0"	"0"	"0"	"0"	"0"	"0"	"0"	"0"	"0"	"0"	"0"	"0"	"0"	"0"	"0"	"0"	"0"	"0"	"0"	"0"	"0"
"0"	"0"	"0"	"0"	"0"	"0"	"0"	"0"	"87"	"0"	"0"	"0"	"0"	"0"	"0"	"0"	"0"	"0"	"0"	"0"	"0"	"0"	"0"	"0"	"0"	"0"	"0"	"0"	"0"	"0"	"0"	"0"	"0"	"0"
"41"	"1"	"1"	"0"	"1"	"3"	"125"	"1.83333"	"88"	"0.166667"	"8"	"52"	"1"	"0"	"0"	"0"	"0"	"1"	"0"	"0"	"0"	"0"	"1"	"52"	"1.66667"	"80"	"0.166667"	"8"	"40"	"2"	"96"	"0.166667"	"8"	"0"
"0"	"0"	"0"	"0"	"1"	"0"	"0"	"0"	"88"	"0"	"0"	"0"	"0"	"0"	"0"	"0"	"0"	"0"	"0"	"0"	"0"	"0"	"0"	"0"	"0"	"0"	"0"	"0"	"0"	"0"	"0"	"0"	"0"	"1"
"41"	"1"	"1"	"0"	"1"	"3"	"125"	"1.83333"	"88"	"0.166667"	"8"	"55"	"1"	"0"	"0"	"0"	"0"	"0"	"0"	"0"	"0"	"0"	"1"	"52"	"1.66667"	"80"	"0.166667"	"8"	"40"	"2"	"96"	"0.166667"	"8"	"0"
"0"	"0"	"0"	"0"	"1"	"0"	"0"	"0"	"88"	"0"	"0"	"0"	"0"	"0"	"0"	"0"	"0"	"0"	"0"	"0"	"0"	"0"	"0"	"0"	"0"	"0"	"0"	"0"	"0"	"0"	"0"	"0"	"0"	"1"
"0"	"0"	"0"	"0"	"0"	"0"	"0"	"0"	"89"	"0"	"0"	"0"	"0"	"0"	"0"	"0"	"0"	"0"	"0"	"0"	"0"	"0"	"0"	"0"	"0"	"0"	"0"	"0"	"0"	"0"	"0"	"0"	"0"	"0"
"0"	"0"	"0"	"0"	"0"	"0"	"0"	"0"	"90"	"0"	"0"	"0"	"0"	"0"	"0"	"0"	"0"	"0"	"0"	"0"	"0"	"0"	"0"	"0"	"0"	"0"	"0"	"0"	"0"	"0"	"0"	"0"	"0"	"0"
"0"	"0"	"0"	"0"	"0"	"0"	"0"	"0"	"91"	"0"	"0"	"0"	"0"	"0"	"0"	"0"	"0"	"0"	"0"	"0"	"0"	"0"	"0"	"0"	"0"	"0"	"0"	"0"	"0"	"0"	"0"	"0"	"0"	"0"
"0"	"0"	"0"	"0"	"0"	"0"	"0"	"0"	"92"	"0"	"0"	"0"	"0"	"0"	"0"	"0"	"0"	"0"	"0"	"0"	"0"	"0"	"0"	"0"	"0"	"0"	"0"	"0"	"0"	"0"	"0"	"0"	"0"	"0"
"0"	"0"	"0"	"0"	"0"	"0"	"0"	"0"	"93"	"0"	"0"	"0"	"0"	"0"	"0"	"0"	"0"	"0"	"0"	"0"	"0"	"0"	"0"	"0"	"0"	"0"	"0"	"0"	"0"	"0"	"0"	"0"	"0"	"0"
"0"	"0"	"0"	"0"	"0"	"0"	"0"	"0"	"94"	"0"	"0"	"0"	"0"	"0"	"0"	"0"	"0"	"0"	"0"	"0"	"0"	"0"	"0"	"0"	"0"	"0"	"0"	"0"	"0"	"0"	"0"	"0"	"0"	"0"
"0"	"0"	"0"	"0"	"0"	"0"	"0"	"0"	"95"	"0"	"0"	"0"	"0"	"0"	"0"	"0"	"0"	"0"	"0"	"0"	"0"	"0"	"0"	"0"	"0"	"0"	"0"	"0"	"0"	"0"	"0"	"0"	"0"	"0"
"43"	"1"	"1"	"0"	"1"	"3"	"126"	"2"	"96"	"0.166667"	"8"	"40"	"0"	"0"	"0"	"0"	"0"	"0"	"0"	"0"	"0"	"1"	"0"	"52"	"1.83333"	"88"	"0.166667"	"8"	"52"	"2.16667"	"104"	"0.166667"	"8"	"0"
"0"	"0"	"0"	"0"	"1"	"0"	"0"	"0"	"96"	"0"	"0"	"0"	"0"	"0"	"0"	"0"	"0"	"0"	"0"	"0"	"0"	"0"	"0"	"0"	"0"	"0"	"0"	"0"	"0"	"0"	"0"	"0"	"0"	"1"
"43"	"4"	"4"	"0"	"1"	"1"	"126"	"2"	"96"	"0.75"	"36"	"64"	"0"	"0"	"0"	"0"	"0"	"0"	"0"	"0"	"0"	"1"	"0"	"59"	"1.75"	"84"	"0.25"	"12"	"67"	"2.75"	"132"	"0.25"	"12"	"0"
"0"	"0"	"0"	"0"	"1"	"0"	"0"	"0"	"96"	"0"	"0"	"0"	"0"	"0"	"0"	"0"	"0"	"0"	"0"	"0"	"0"	"0"	"0"	"0"	"0"	"0"	"0"	"0"	"0"	"0"	"0"	"0"	"0"	"1"
"0"	"0"	"0"	"0"	"0"	"0"	"0"	"0"	"97"	"0"	"0"	"0"	"0"	"0"	"0"	"0"	"0"	"0"	"0"	"0"	"0"	"0"	"0"	"0"	"0"	"0"	"0"	"0"	"0"	"0"	"0"	"0"	"0"	"0"
"0"	"0"	"0"	"0"	"0"	"0"	"0"	"0"	"98"	"0"	"0"	"0"	"0"	"0"	"0"	"0"	"0"	"0"	"0"	"0"	"0"	"0"	"0"	"0"	"0"	"0"	"0"	"0"	"0"	"0"	"0"	"0"	"0"	"0"
"0"	"0"	"0"	"0"	"0"	"0"	"0"	"0"	"99"	"0"	"0"	"0"	"0"	"0"	"0"	"0"	"0"	"0"	"0"	"0"	"0"	"0"	"0"	"0"	"0"	"0"	"0"	"0"	"0"	"0"	"0"	"0"	"0"	"0"
"0"	"0"	"0"	"0"	"0"	"0"	"0"	"0"	"100"	"0"	"0"	"0"	"0"	"0"	"0"	"0"	"0"	"0"	"0"	"0"	"0"	"0"	"0"	"0"	"0"	"0"	"0"	"0"	"0"	"0"	"0"	"0"	"0"	"0"
"0"	"0"	"0"	"0"	"0"	"0"	"0"	"0"	"101"	"0"	"0"	"0"	"0"	"0"	"0"	"0"	"0"	"0"	"0"	"0"	"0"	"0"	"0"	"0"	"0"	"0"	"0"	"0"	"0"	"0"	"0"	"0"	"0"	"0"
"0"	"0"	"0"	"0"	"0"	"0"	"0"	"0"	"102"	"0"	"0"	"0"	"0"	"0"	"0"	"0"	"0"	"0"	"0"	"0"	"0"	"0"	"0"	"0"	"0"	"0"	"0"	"0"	"0"	"0"	"0"	"0"	"0"	"0"
"0"	"0"	"0"	"0"	"0"	"0"	"0"	"0"	"103"	"0"	"0"	"0"	"0"	"0"	"0"	"0"	"0"	"0"	"0"	"0"	"0"	"0"	"0"	"0"	"0"	"0"	"0"	"0"	"0"	"0"	"0"	"0"	"0"	"0"
"44"	"1"	"1"	"0"	"1"	"3"	"126"	"2.16667"	"104"	"0.166667"	"8"	"52"	"0"	"0"	"0"	"0"	"0"	"1"	"0"	"0"	"0"	"0"	"0"	"40"	"2"	"96"	"0.166667"	"8"	"52"	"2.33333"	"112"	"0.166667"	"8"	"0"
"0"	"0"	"0"	"0"	"1"	"0"	"0"	"0"	"104"	"0"	"0"	"0"	"0"	"0"	"0"	"0"	"0"	"0"	"0"	"0"	"0"	"0"	"0"	"0"	"0"	"0"	"0"	"0"	"0"	"0"	"0"	"0"	"0"	"1"
"0"	"0"	"0"	"0"	"0"	"0"	"0"	"0"	"105"	"0"	"0"	"0"	"0"	"0"	"0"	"0"	"0"	"0"	"0"	"0"	"0"	"0"	"0"	"0"	"0"	"0"	"0"	"0"	"0"	"0"	"0"	"0"	"0"	"0"
"0"	"0"	"0"	"0"	"0"	"0"	"0"	"0"	"106"	"0"	"0"	"0"	"0"	"0"	"0"	"0"	"0"	"0"	"0"	"0"	"0"	"0"	"0"	"0"	"0"	"0"	"0"	"0"	"0"	"0"	"0"	"0"	"0"	"0"
"0"	"0"	"0"	"0"	"0"	"0"	"0"	"0"	"107"	"0"	"0"	"0"	"0"	"0"	"0"	"0"	"0"	"0"	"0"	"0"	"0"	"0"	"0"	"0"	"0"	"0"	"0"	"0"	"0"	"0"	"0"	"0"	"0"	"0"
"0"	"0"	"0"	"0"	"0"	"0"	"0"	"0"	"108"	"0"	"0"	"0"	"0"	"0"	"0"	"0"	"0"	"0"	"0"	"0"	"0"	"0"	"0"	"0"	"0"	"0"	"0"	"0"	"0"	"0"	"0"	"0"	"0"	"0"
"0"	"0"	"0"	"0"	"0"	"0"	"0"	"0"	"109"	"0"	"0"	"0"	"0"	"0"	"0"	"0"	"0"	"0"	"0"	"0"	"0"	"0"	"0"	"0"	"0"	"0"	"0"	"0"	"0"	"0"	"0"	"0"	"0"	"0"
"0"	"0"	"0"	"0"	"0"	"0"	"0"	"0"	"110"	"0"	"0"	"0"	"0"	"0"	"0"	"0"	"0"	"0"	"0"	"0"	"0"	"0"	"0"	"0"	"0"	"0"	"0"	"0"	"0"	"0"	"0"	"0"	"0"	"0"
"0"	"0"	"0"	"0"	"0"	"0"	"0"	"0"	"111"	"0"	"0"	"0"	"0"	"0"	"0"	"0"	"0"	"0"	"0"	"0"	"0"	"0"	"0"	"0"	"0"	"0"	"0"	"0"	"0"	"0"	"0"	"0"	"0"	"0"
"45"	"1"	"1"	"0"	"1"	"3"	"126"	"2.33333"	"112"	"0.166667"	"8"	"52"	"1"	"0"	"0"	"0"	"0"	"1"	"0"	"0"	"0"	"0"	"1"	"52"	"2.16667"	"104"	"0.166667"	"8"	"40"	"2.5"	"120"	"0.166667"	"8"	"0"
"0"	"0"	"0"	"0"	"1"	"0"	"0"	"0"	"112"	"0"	"0"	"0"	"0"	"0"	"0"	"0"	"0"	"0"	"0"	"0"	"0"	"0"	"0"	"0"	"0"	"0"	"0"	"0"	"0"	"0"	"0"	"0"	"0"	"1"
"45"	"1"	"1"	"0"	"1"	"3"	"126"	"2.33333"	"112"	"0.166667"	"8"	"55"	"1"	"0"	"0"	"0"	"0"	"0"	"0"	"0"	"0"	"0"	"1"	"52"	"2.16667"	"104"	"0.166667"	"8"	"40"	"2.5"	"120"	"0.166667"	"8"	"0"
"0"	"0"	"0"	"0"	"1"	"0"	"0"	"0"	"112"	"0"	"0"	"0"	"0"	"0"	"0"	"0"	"0"	"0"	"0"	"0"	"0"	"0"	"0"	"0"	"0"	"0"	"0"	"0"	"0"	"0"	"0"	"0"	"0"	"1"
"0"	"0"	"0"	"0"	"0"	"0"	"0"	"0"	"113"	"0"	"0"	"0"	"0"	"0"	"0"	"0"	"0"	"0"	"0"	"0"	"0"	"0"	"0"	"0"	"0"	"0"	"0"	"0"	"0"	"0"	"0"	"0"	"0"	"0"
"0"	"0"	"0"	"0"	"0"	"0"	"0"	"0"	"114"	"0"	"0"	"0"	"0"	"0"	"0"	"0"	"0"	"0"	"0"	"0"	"0"	"0"	"0"	"0"	"0"	"0"	"0"	"0"	"0"	"0"	"0"	"0"	"0"	"0"
"0"	"0"	"0"	"0"	"0"	"0"	"0"	"0"	"115"	"0"	"0"	"0"	"0"	"0"	"0"	"0"	"0"	"0"	"0"	"0"	"0"	"0"	"0"	"0"	"0"	"0"	"0"	"0"	"0"	"0"	"0"	"0"	"0"	"0"
"0"	"0"	"0"	"0"	"0"	"0"	"0"	"0"	"116"	"0"	"0"	"0"	"0"	"0"	"0"	"0"	"0"	"0"	"0"	"0"	"0"	"0"	"0"	"0"	"0"	"0"	"0"	"0"	"0"	"0"	"0"	"0"	"0"	"0"
"0"	"0"	"0"	"0"	"0"	"0"	"0"	"0"	"117"	"0"	"0"	"0"	"0"	"0"	"0"	"0"	"0"	"0"	"0"	"0"	"0"	"0"	"0"	"0"	"0"	"0"	"0"	"0"	"0"	"0"	"0"	"0"	"0"	"0"
"0"	"0"	"0"	"0"	"0"	"0"	"0"	"0"	"118"	"0"	"0"	"0"	"0"	"0"	"0"	"0"	"0"	"0"	"0"	"0"	"0"	"0"	"0"	"0"	"0"	"0"	"0"	"0"	"0"	"0"	"0"	"0"	"0"	"0"
"0"	"0"	"0"	"0"	"0"	"0"	"0"	"0"	"119"	"0"	"0"	"0"	"0"	"0"	"0"	"0"	"0"	"0"	"0"	"0"	"0"	"0"	"0"	"0"	"0"	"0"	"0"	"0"	"0"	"0"	"0"	"0"	"0"	"0"
"46"	"1"	"1"	"0"	"1"	"3"	"126"	"2.5"	"120"	"0.166667"	"8"	"40"	"0"	"0"	"0"	"0"	"0"	"0"	"0"	"0"	"0"	"1"	"0"	"52"	"2.33333"	"112"	"0.166667"	"8"	"52"	"2.66667"	"128"	"0.166667"	"8"	"0"
"0"	"0"	"0"	"0"	"1"	"0"	"0"	"0"	"120"	"0"	"0"	"0"	"0"	"0"	"0"	"0"	"0"	"0"	"0"	"0"	"0"	"0"	"0"	"0"	"0"	"0"	"0"	"0"	"0"	"0"	"0"	"0"	"0"	"1"
"0"	"0"	"0"	"0"	"0"	"0"	"0"	"0"	"121"	"0"	"0"	"0"	"0"	"0"	"0"	"0"	"0"	"0"	"0"	"0"	"0"	"0"	"0"	"0"	"0"	"0"	"0"	"0"	"0"	"0"	"0"	"0"	"0"	"0"
"0"	"0"	"0"	"0"	"0"	"0"	"0"	"0"	"122"	"0"	"0"	"0"	"0"	"0"	"0"	"0"	"0"	"0"	"0"	"0"	"0"	"0"	"0"	"0"	"0"	"0"	"0"	"0"	"0"	"0"	"0"	"0"	"0"	"0"
"0"	"0"	"0"	"0"	"0"	"0"	"0"	"0"	"123"	"0"	"0"	"0"	"0"	"0"	"0"	"0"	"0"	"0"	"0"	"0"	"0"	"0"	"0"	"0"	"0"	"0"	"0"	"0"	"0"	"0"	"0"	"0"	"0"	"0"
"0"	"0"	"0"	"0"	"0"	"0"	"0"	"0"	"124"	"0"	"0"	"0"	"0"	"0"	"0"	"0"	"0"	"0"	"0"	"0"	"0"	"0"	"0"	"0"	"0"	"0"	"0"	"0"	"0"	"0"	"0"	"0"	"0"	"0"
"0"	"0"	"0"	"0"	"0"	"0"	"0"	"0"	"125"	"0"	"0"	"0"	"0"	"0"	"0"	"0"	"0"	"0"	"0"	"0"	"0"	"0"	"0"	"0"	"0"	"0"	"0"	"0"	"0"	"0"	"0"	"0"	"0"	"0"
"0"	"0"	"0"	"0"	"0"	"0"	"0"	"0"	"126"	"0"	"0"	"0"	"0"	"0"	"0"	"0"	"0"	"0"	"0"	"0"	"0"	"0"	"0"	"0"	"0"	"0"	"0"	"0"	"0"	"0"	"0"	"0"	"0"	"0"
"0"	"0"	"0"	"0"	"0"	"0"	"0"	"0"	"127"	"0"	"0"	"0"	"0"	"0"	"0"	"0"	"0"	"0"	"0"	"0"	"0"	"0"	"0"	"0"	"0"	"0"	"0"	"0"	"0"	"0"	"0"	"0"	"0"	"0"
"47"	"1"	"1"	"0"	"1"	"3"	"126"	"2.66667"	"128"	"0.166667"	"8"	"52"	"0"	"0"	"0"	"0"	"0"	"1"	"0"	"0"	"0"	"0"	"0"	"40"	"2.5"	"120"	"0.166667"	"8"	"52"	"2.83333"	"136"	"0.166667"	"8"	"0"
"0"	"0"	"0"	"0"	"0"	"0"	"0"	"0"	"129"	"0"	"0"	"0"	"0"	"0"	"0"	"0"	"0"	"0"	"0"	"0"	"0"	"0"	"0"	"0"	"0"	"0"	"0"	"0"	"0"	"0"	"0"	"0"	"0"	"0"
"0"	"0"	"0"	"0"	"0"	"0"	"0"	"0"	"130"	"0"	"0"	"0"	"0"	"0"	"0"	"0"	"0"	"0"	"0"	"0"	"0"	"0"	"0"	"0"	"0"	"0"	"0"	"0"	"0"	"0"	"0"	"0"	"0"	"0"
"0"	"0"	"0"	"0"	"0"	"0"	"0"	"0"	"131"	"0"	"0"	"0"	"0"	"0"	"0"	"0"	"0"	"0"	"0"	"0"	"0"	"0"	"0"	"0"	"0"	"0"	"0"	"0"	"0"	"0"	"0"	"0"	"0"	"0"
"48"	"4"	"4"	"0"	"1"	"1"	"126"	"2.75"	"132"	"0.25"	"12"	"67"	"0"	"0"	"0"	"0"	"0"	"0"	"0"	"0"	"0"	"0"	"1"	"64"	"2"	"96"	"0.75"	"36"	"69"	"3"	"144"	"0.25"	"12"	"0"
"0"	"0"	"0"	"0"	"0"	"0"	"0"	"0"	"133"	"0"	"0"	"0"	"0"	"0"	"0"	"0"	"0"	"0"	"0"	"0"	"0"	"0"	"0"	"0"	"0"	"0"	"0"	"0"	"0"	"0"	"0"	"0"	"0"	"0"
"0"	"0"	"0"	"0"	"0"	"0"	"0"	"0"	"134"	"0"	"0"	"0"	"0"	"0"	"0"	"0"	"0"	"0"	"0"	"0"	"0"	"0"	"0"	"0"	"0"	"0"	"0"	"0"	"0"	"0"	"0"	"0"	"0"	"0"
"0"	"0"	"0"	"0"	"0"	"0"	"0"	"0"	"135"	"0"	"0"	"0"	"0"	"0"	"0"	"0"	"0"	"0"	"0"	"0"	"0"	"0"	"0"	"0"	"0"	"0"	"0"	"0"	"0"	"0"	"0"	"0"	"0"	"0"
"49"	"1"	"1"	"0"	"1"	"3"	"126"	"2.83333"	"136"	"0.166667"	"8"	"52"	"1"	"0"	"0"	"0"	"0"	"1"	"0"	"0"	"0"	"0"	"1"	"52"	"2.66667"	"128"	"0.166667"	"8"	"40"	"3"	"144"	"0.166667"	"8"	"0"
"49"	"1"	"1"	"0"	"1"	"3"	"126"	"2.83333"	"136"	"0.166667"	"8"	"55"	"1"	"0"	"0"	"0"	"0"	"0"	"0"	"0"	"0"	"0"	"1"	"52"	"2.66667"	"128"	"0.166667"	"8"	"40"	"3"	"144"	"0.166667"	"8"	"0"
"0"	"0"	"0"	"0"	"0"	"0"	"0"	"0"	"137"	"0"	"0"	"0"	"0"	"0"	"0"	"0"	"0"	"0"	"0"	"0"	"0"	"0"	"0"	"0"	"0"	"0"	"0"	"0"	"0"	"0"	"0"	"0"	"0"	"0"
"0"	"0"	"0"	"0"	"0"	"0"	"0"	"0"	"138"	"0"	"0"	"0"	"0"	"0"	"0"	"0"	"0"	"0"	"0"	"0"	"0"	"0"	"0"	"0"	"0"	"0"	"0"	"0"	"0"	"0"	"0"	"0"	"0"	"0"
"0"	"0"	"0"	"0"	"0"	"0"	"0"	"0"	"139"	"0"	"0"	"0"	"0"	"0"	"0"	"0"	"0"	"0"	"0"	"0"	"0"	"0"	"0"	"0"	"0"	"0"	"0"	"0"	"0"	"0"	"0"	"0"	"0"	"0"
"0"	"0"	"0"	"0"	"0"	"0"	"0"	"0"	"140"	"0"	"0"	"0"	"0"	"0"	"0"	"0"	"0"	"0"	"0"	"0"	"0"	"0"	"0"	"0"	"0"	"0"	"0"	"0"	"0"	"0"	"0"	"0"	"0"	"0"
"0"	"0"	"0"	"0"	"0"	"0"	"0"	"0"	"141"	"0"	"0"	"0"	"0"	"0"	"0"	"0"	"0"	"0"	"0"	"0"	"0"	"0"	"0"	"0"	"0"	"0"	"0"	"0"	"0"	"0"	"0"	"0"	"0"	"0"
"0"	"0"	"0"	"0"	"0"	"0"	"0"	"0"	"142"	"0"	"0"	"0"	"0"	"0"	"0"	"0"	"0"	"0"	"0"	"0"	"0"	"0"	"0"	"0"	"0"	"0"	"0"	"0"	"0"	"0"	"0"	"0"	"0"	"0"
"0"	"0"	"0"	"0"	"0"	"0"	"0"	"0"	"143"	"0"	"0"	"0"	"0"	"0"	"0"	"0"	"0"	"0"	"0"	"0"	"0"	"0"	"0"	"0"	"0"	"0"	"0"	"0"	"0"	"0"	"0"	"0"	"0"	"0"
"51"	"1"	"1"	"0"	"1"	"3"	"127"	"3"	"144"	"0.166667"	"8"	"40"	"0"	"0"	"0"	"0"	"0"	"0"	"0"	"0"	"0"	"1"	"0"	"52"	"2.83333"	"136"	"0.166667"	"8"	"52"	"3.16667"	"152"	"0.166667"	"8"	"0"
"51"	"2"	"2"	"0"	"2"	"2"	"127"	"3"	"144"	"0.0625"	"3"	"78"	"0"	"0"	"0"	"0"	"0"	"0"	"0"	"0"	"0"	"0"	"0"	"64"	"1.4375"	"69"	"0.0625"	"3"	"76"	"3.0625"	"147"	"0.0625"	"3"	"1"
"51"	"4"	"4"	"0"	"1"	"1"	"127"	"3"	"144"	"0.25"	"12"	"69"	"0"	"0"	"0"	"0"	"0"	"0"	"0"	"0"	"0"	"1"	"0"	"67"	"2.75"	"132"	"0.25"	"12"	"67"	"3.25"	"156"	"0.25"	"12"	"0"
"0"	"0"	"0"	"0"	"0"	"0"	"0"	"0"	"145"	"0"	"0"	"0"	"0"	"0"	"0"	"0"	"0"	"0"	"0"	"0"	"0"	"0"	"0"	"0"	"0"	"0"	"0"	"0"	"0"	"0"	"0"	"0"	"0"	"0"
"0"	"0"	"0"	"0"	"0"	"0"	"0"	"0"	"146"	"0"	"0"	"0"	"0"	"0"	"0"	"0"	"0"	"0"	"0"	"0"	"0"	"0"	"0"	"0"	"0"	"0"	"0"	"0"	"0"	"0"	"0"	"0"	"0"	"0"
"52"	"2"	"2"	"0"	"2"	"2"	"127"	"3.0625"	"147"	"0.0625"	"3"	"76"	"0"	"0"	"0"	"0"	"0"	"0"	"0"	"0"	"0"	"0"	"0"	"78"	"3"	"144"	"0.0625"	"3"	"71"	"3.125"	"150"	"0.0625"	"3"	"1"
"0"	"0"	"0"	"0"	"0"	"0"	"0"	"0"	"148"	"0"	"0"	"0"	"0"	"0"	"0"	"0"	"0"	"0"	"0"	"0"	"0"	"0"	"0"	"0"	"0"	"0"	"0"	"0"	"0"	"0"	"0"	"0"	"0"	"0"
"0"	"0"	"0"	"0"	"0"	"0"	"0"	"0"	"149"	"0"	"0"	"0"	"0"	"0"	"0"	"0"	"0"	"0"	"0"	"0"	"0"	"0"	"0"	"0"	"0"	"0"	"0"	"0"	"0"	"0"	"0"	"0"	"0"	"0"
"53"	"2"	"2"	"0"	"2"	"2"	"127"	"3.125"	"150"	"0.0625"	"3"	"71"	"0"	"0"	"0"	"0"	"0"	"0"	"0"	"0"	"0"	"0"	"0"	"76"	"3.0625"	"147"	"0.0625"	"3"	"67"	"3.1875"	"153"	"0.0625"	"3"	"1"
"0"	"0"	"0"	"0"	"0"	"0"	"0"	"0"	"151"	"0"	"0"	"0"	"0"	"0"	"0"	"0"	"0"	"0"	"0"	"0"	"0"	"0"	"0"	"0"	"0"	"0"	"0"	"0"	"0"	"0"	"0"	"0"	"0"	"0"
"54"	"1"	"1"	"0"	"1"	"3"	"127"	"3.16667"	"152"	"0.166667"	"8"	"52"	"0"	"0"	"0"	"0"	"0"	"1"	"0"	"0"	"0"	"0"	"0"	"40"	"3"	"144"	"0.166667"	"8"	"52"	"3.33333"	"160"	"0.166667"	"8"	"0"
"55"	"2"	"2"	"0"	"2"	"2"	"127"	"3.1875"	"153"	"0.0625"	"3"	"67"	"0"	"0"	"0"	"0"	"0"	"0"	"0"	"0"	"0"	"0"	"0"	"71"	"3.125"	"150"	"0.0625"	"3"	"73"	"3.25"	"156"	"0.0625"	"3"	"1"
"0"	"0"	"0"	"0"	"0"	"0"	"0"	"0"	"154"	"0"	"0"	"0"	"0"	"0"	"0"	"0"	"0"	"0"	"0"	"0"	"0"	"0"	"0"	"0"	"0"	"0"	"0"	"0"	"0"	"0"	"0"	"0"	"0"	"0"
"0"	"0"	"0"	"0"	"0"	"0"	"0"	"0"	"155"	"0"	"0"	"0"	"0"	"0"	"0"	"0"	"0"	"0"	"0"	"0"	"0"	"0"	"0"	"0"	"0"	"0"	"0"	"0"	"0"	"0"	"0"	"0"	"0"	"0"
"56"	"2"	"2"	"0"	"2"	"2"	"127"	"3.25"	"156"	"0.0625"	"3"	"73"	"0"	"0"	"0"	"0"	"0"	"0"	"0"	"0"	"0"	"0"	"0"	"67"	"3.1875"	"153"	"0.0625"	"3"	"71"	"3.3125"	"159"	"0.0625"	"3"	"1"
"56"	"4"	"4"	"0"	"1"	"1"	"127"	"3.25"	"156"	"0.25"	"12"	"67"	"0"	"0"	"0"	"0"	"0"	"0"	"0"	"0"	"0"	"0"	"0"	"69"	"3"	"144"	"0.25"	"12"	"66"	"3.5"	"168"	"0.25"	"12"	"1"
"0"	"0"	"0"	"0"	"0"	"0"	"0"	"0"	"157"	"0"	"0"	"0"	"0"	"0"	"0"	"0"	"0"	"0"	"0"	"0"	"0"	"0"	"0"	"0"	"0"	"0"	"0"	"0"	"0"	"0"	"0"	"0"	"0"	"0"
"0"	"0"	"0"	"0"	"0"	"0"	"0"	"0"	"158"	"0"	"0"	"0"	"0"	"0"	"0"	"0"	"0"	"0"	"0"	"0"	"0"	"0"	"0"	"0"	"0"	"0"	"0"	"0"	"0"	"0"	"0"	"0"	"0"	"0"
"57"	"2"	"2"	"0"	"2"	"2"	"127"	"3.3125"	"159"	"0.0625"	"3"	"71"	"0"	"0"	"0"	"0"	"0"	"0"	"0"	"0"	"0"	"0"	"0"	"73"	"3.25"	"156"	"0.0625"	"3"	"67"	"3.375"	"162"	"0.0625"	"3"	"1"
"58"	"1"	"1"	"0"	"1"	"3"	"127"	"3.33333"	"160"	"0.166667"	"8"	"52"	"1"	"0"	"0"	"0"	"0"	"1"	"0"	"0"	"0"	"0"	"1"	"52"	"3.16667"	"152"	"0.166667"	"8"	"40"	"3.5"	"168"	"0.166667"	"8"	"0"
"58"	"1"	"1"	"0"	"1"	"3"	"127"	"3.33333"	"160"	"0.166667"	"8"	"55"	"1"	"0"	"0"	"0"	"0"	"0"	"0"	"0"	"0"	"0"	"1"	"52"	"3.16667"	"152"	"0.166667"	"8"	"40"	"3.5"	"168"	"0.166667"	"8"	"0"
"0"	"0"	"0"	"0"	"0"	"0"	"0"	"0"	"161"	"0"	"0"	"0"	"0"	"0"	"0"	"0"	"0"	"0"	"0"	"0"	"0"	"0"	"0"	"0"	"0"	"0"	"0"	"0"	"0"	"0"	"0"	"0"	"0"	"0"
"59"	"2"	"2"	"0"	"2"	"2"	"127"	"3.375"	"162"	"0.0625"	"3"	"67"	"0"	"0"	"0"	"0"	"0"	"0"	"0"	"0"	"0"	"0"	"0"	"71"	"3.3125"	"159"	"0.0625"	"3"	"64"	"3.4375"	"165"	"0.0625"	"3"	"1"
"0"	"0"	"0"	"0"	"0"	"0"	"0"	"0"	"163"	"0"	"0"	"0"	"0"	"0"	"0"	"0"	"0"	"0"	"0"	"0"	"0"	"0"	"0"	"0"	"0"	"0"	"0"	"0"	"0"	"0"	"0"	"0"	"0"	"0"
"0"	"0"	"0"	"0"	"0"	"0"	"0"	"0"	"164"	"0"	"0"	"0"	"0"	"0"	"0"	"0"	"0"	"0"	"0"	"0"	"0"	"0"	"0"	"0"	"0"	"0"	"0"	"0"	"0"	"0"	"0"	"0"	"0"	"0"
"60"	"2"	"2"	"0"	"2"	"2"	"127"	"3.4375"	"165"	"0.0625"	"3"	"64"	"0"	"0"	"0"	"0"	"0"	"0"	"0"	"0"	"0"	"0"	"0"	"67"	"3.375"	"162"	"0.0625"	"3"	"-1"	"-1"	"-1"	"-1"	"-1"	"1"
"0"	"0"	"0"	"0"	"0"	"0"	"0"	"0"	"166"	"0"	"0"	"0"	"0"	"0"	"0"	"0"	"0"	"0"	"0"	"0"	"0"	"0"	"0"	"0"	"0"	"0"	"0"	"0"	"0"	"0"	"0"	"0"	"0"	"0"
"0"	"0"	"0"	"0"	"0"	"0"	"0"	"0"	"167"	"0"	"0"	"0"	"0"	"0"	"0"	"0"	"0"	"0"	"0"	"0"	"0"	"0"	"0"	"0"	"0"	"0"	"0"	"0"	"0"	"0"	"0"	"0"	"0"	"0"
"61"	"1"	"1"	"0"	"1"	"3"	"127"	"3.5"	"168"	"0.166667"	"8"	"40"	"0"	"0"	"0"	"0"	"0"	"0"	"0"	"0"	"0"	"1"	"0"	"52"	"3.33333"	"160"	"0.166667"	"8"	"52"	"3.66667"	"176"	"0.166667"	"8"	"0"
"61"	"4"	"4"	"0"	"1"	"1"	"127"	"3.5"	"168"	"0.25"	"12"	"66"	"0"	"0"	"0"	"0"	"0"	"0"	"0"	"0"	"0"	"0"	"0"	"67"	"3.25"	"156"	"0.25"	"12"	"59"	"3.75"	"180"	"0.25"	"12"	"1"
"0"	"0"	"0"	"0"	"0"	"0"	"0"	"0"	"169"	"0"	"0"	"0"	"0"	"0"	"0"	"0"	"0"	"0"	"0"	"0"	"0"	"0"	"0"	"0"	"0"	"0"	"0"	"0"	"0"	"0"	"0"	"0"	"0"	"0"
"0"	"0"	"0"	"0"	"0"	"0"	"0"	"0"	"170"	"0"	"0"	"0"	"0"	"0"	"0"	"0"	"0"	"0"	"0"	"0"	"0"	"0"	"0"	"0"	"0"	"0"	"0"	"0"	"0"	"0"	"0"	"0"	"0"	"0"
"0"	"0"	"0"	"0"	"0"	"0"	"0"	"0"	"171"	"0"	"0"	"0"	"0"	"0"	"0"	"0"	"0"	"0"	"0"	"0"	"0"	"0"	"0"	"0"	"0"	"0"	"0"	"0"	"0"	"0"	"0"	"0"	"0"	"0"
"0"	"0"	"0"	"0"	"0"	"0"	"0"	"0"	"172"	"0"	"0"	"0"	"0"	"0"	"0"	"0"	"0"	"0"	"0"	"0"	"0"	"0"	"0"	"0"	"0"	"0"	"0"	"0"	"0"	"0"	"0"	"0"	"0"	"0"
"0"	"0"	"0"	"0"	"0"	"0"	"0"	"0"	"173"	"0"	"0"	"0"	"0"	"0"	"0"	"0"	"0"	"0"	"0"	"0"	"0"	"0"	"0"	"0"	"0"	"0"	"0"	"0"	"0"	"0"	"0"	"0"	"0"	"0"
"0"	"0"	"0"	"0"	"0"	"0"	"0"	"0"	"174"	"0"	"0"	"0"	"0"	"0"	"0"	"0"	"0"	"0"	"0"	"0"	"0"	"0"	"0"	"0"	"0"	"0"	"0"	"0"	"0"	"0"	"0"	"0"	"0"	"0"
"0"	"0"	"0"	"0"	"0"	"0"	"0"	"0"	"175"	"0"	"0"	"0"	"0"	"0"	"0"	"0"	"0"	"0"	"0"	"0"	"0"	"0"	"0"	"0"	"0"	"0"	"0"	"0"	"0"	"0"	"0"	"0"	"0"	"0"
"62"	"1"	"1"	"0"	"1"	"3"	"127"	"3.66667"	"176"	"0.166667"	"8"	"52"	"0"	"0"	"0"	"0"	"0"	"1"	"0"	"0"	"0"	"0"	"0"	"40"	"3.5"	"168"	"0.166667"	"8"	"52"	"3.83333"	"184"	"0.166667"	"8"	"0"
"0"	"0"	"0"	"0"	"0"	"0"	"0"	"0"	"177"	"0"	"0"	"0"	"0"	"0"	"0"	"0"	"0"	"0"	"0"	"0"	"0"	"0"	"0"	"0"	"0"	"0"	"0"	"0"	"0"	"0"	"0"	"0"	"0"	"0"
"0"	"0"	"0"	"0"	"0"	"0"	"0"	"0"	"178"	"0"	"0"	"0"	"0"	"0"	"0"	"0"	"0"	"0"	"0"	"0"	"0"	"0"	"0"	"0"	"0"	"0"	"0"	"0"	"0"	"0"	"0"	"0"	"0"	"0"
"0"	"0"	"0"	"0"	"0"	"0"	"0"	"0"	"179"	"0"	"0"	"0"	"0"	"0"	"0"	"0"	"0"	"0"	"0"	"0"	"0"	"0"	"0"	"0"	"0"	"0"	"0"	"0"	"0"	"0"	"0"	"0"	"0"	"0"
"63"	"4"	"4"	"0"	"1"	"1"	"127"	"3.75"	"180"	"0.25"	"12"	"59"	"0"	"0"	"0"	"0"	"0"	"0"	"0"	"0"	"0"	"0"	"1"	"66"	"3.5"	"168"	"0.25"	"12"	"-1"	"-1"	"-1"	"-1"	"-1"	"0"
"0"	"0"	"0"	"0"	"0"	"0"	"0"	"0"	"181"	"0"	"0"	"0"	"0"	"0"	"0"	"0"	"0"	"0"	"0"	"0"	"0"	"0"	"0"	"0"	"0"	"0"	"0"	"0"	"0"	"0"	"0"	"0"	"0"	"0"
"0"	"0"	"0"	"0"	"0"	"0"	"0"	"0"	"182"	"0"	"0"	"0"	"0"	"0"	"0"	"0"	"0"	"0"	"0"	"0"	"0"	"0"	"0"	"0"	"0"	"0"	"0"	"0"	"0"	"0"	"0"	"0"	"0"	"0"
"0"	"0"	"0"	"0"	"0"	"0"	"0"	"0"	"183"	"0"	"0"	"0"	"0"	"0"	"0"	"0"	"0"	"0"	"0"	"0"	"0"	"0"	"0"	"0"	"0"	"0"	"0"	"0"	"0"	"0"	"0"	"0"	"0"	"0"
"64"	"1"	"1"	"0"	"1"	"3"	"127"	"3.83333"	"184"	"0.166667"	"8"	"52"	"1"	"0"	"0"	"0"	"0"	"1"	"0"	"0"	"0"	"0"	"1"	"52"	"3.66667"	"176"	"0.166667"	"8"	"-1"	"-1"	"-1"	"-1"	"-1"	"0"
"64"	"1"	"1"	"0"	"1"	"3"	"127"	"3.83333"	"184"	"0.166667"	"8"	"55"	"1"	"0"	"0"	"0"	"0"	"0"	"0"	"0"	"0"	"0"	"1"	"52"	"3.66667"	"176"	"0.166667"	"8"	"-1"	"-1"	"-1"	"-1"	"-1"	"0"
""	""	""	""	""	""	""	""	""	""	""	""	""	""	""	""	""	""	""	""	""	""	""	""	""	""	""	""	""	""	""	""	""	"1"